iteration,expanded_state,parent,action,generated_successors,frontier_before,frontier_after,explored,g,h,f
1,"(34, 16)",None,None,"[(33, 16), (34, 15)]",[],"[(33, 16), (34, 15)]","{(34, 16)}",0,N/A,N/A
2,"(34, 15)","(34, 16)",South,"[(34, 14)]","[(33, 16)]","[(33, 16), (34, 14)]","{(34, 15), (34, 16)}",1,N/A,N/A
3,"(34, 14)","(34, 15)",South,"[(33, 14)]","[(33, 16)]","[(33, 16), (33, 14)]","{(34, 15), (34, 16), (34, 14)}",2,N/A,N/A
4,"(33, 14)","(34, 14)",West,"[(32, 14)]","[(33, 16)]","[(33, 16), (32, 14)]","{(34, 15), (34, 16), (33, 14), (34, 14)}",3,N/A,N/A
5,"(32, 14)","(33, 14)",West,"[(31, 14)]","[(33, 16)]","[(33, 16), (31, 14)]","{(32, 14), (34, 16), (34, 15), (33, 14), (34, 14)}",4,N/A,N/A
6,"(31, 14)","(32, 14)",West,"[(30, 14)]","[(33, 16)]","[(33, 16), (30, 14)]","{(31, 14), (32, 14), (34, 16), (34, 15), (33, 14), (34, 14)}",5,N/A,N/A
7,"(30, 14)","(31, 14)",West,"[(30, 13)]","[(33, 16)]","[(33, 16), (30, 13)]","{(30, 14), (31, 14), (32, 14), (34, 16), (34, 15), (33, 14), (34, 14)}",6,N/A,N/A
8,"(30, 13)","(30, 14)",South,"[(30, 12)]","[(33, 16)]","[(33, 16), (30, 12)]","{(30, 14), (31, 14), (32, 14), (30, 13), (34, 16), (34, 15), (33, 14), (34, 14)}",7,N/A,N/A
9,"(30, 12)","(30, 13)",South,"[(31, 12)]","[(33, 16)]","[(33, 16), (31, 12)]","{(30, 14), (31, 14), (32, 14), (30, 13), (34, 16), (30, 12), (34, 15), (33, 14), (34, 14)}",8,N/A,N/A
10,"(31, 12)","(30, 12)",East,"[(32, 12)]","[(33, 16)]","[(33, 16), (32, 12)]","{(30, 14), (31, 14), (32, 14), (30, 13), (34, 16), (30, 12), (34, 15), (31, 12), (33, 14), (34, 14)}",9,N/A,N/A
11,"(32, 12)","(31, 12)",East,"[(33, 12)]","[(33, 16)]","[(33, 16), (33, 12)]","{(30, 14), (31, 14), (32, 14), (30, 13), (34, 16), (30, 12), (34, 15), (31, 12), (33, 14), (32, 12), (34, 14)}",10,N/A,N/A
12,"(33, 12)","(32, 12)",East,"[(34, 12)]","[(33, 16)]","[(33, 16), (34, 12)]","{(30, 14), (31, 14), (32, 14), (30, 13), (34, 16), (33, 12), (30, 12), (34, 15), (31, 12), (33, 14), (32, 12), (34, 14)}",11,N/A,N/A
13,"(34, 12)","(33, 12)",East,"[(34, 11)]","[(33, 16)]","[(33, 16), (34, 11)]","{(30, 14), (31, 14), (32, 14), (30, 13), (34, 16), (33, 12), (34, 12), (30, 12), (34, 15), (31, 12), (33, 14), (32, 12), (34, 14)}",12,N/A,N/A
14,"(34, 11)","(34, 12)",South,"[(34, 10)]","[(33, 16)]","[(33, 16), (34, 10)]","{(30, 14), (31, 14), (32, 14), (30, 13), (34, 16), (33, 12), (34, 12), (30, 12), (34, 15), (31, 12), (34, 11), (33, 14), (32, 12), (34, 14)}",13,N/A,N/A
15,"(34, 10)","(34, 11)",South,"[(33, 10)]","[(33, 16)]","[(33, 16), (33, 10)]","{(30, 14), (31, 14), (32, 14), (30, 13), (34, 16), (34, 10), (33, 12), (34, 12), (30, 12), (34, 15), (31, 12), (34, 11), (33, 14), (32, 12), (34, 14)}",14,N/A,N/A
16,"(33, 10)","(34, 10)",West,"[(32, 10)]","[(33, 16)]","[(33, 16), (32, 10)]","{(30, 14), (31, 14), (33, 10), (32, 14), (30, 13), (34, 16), (34, 10), (33, 12), (34, 12), (30, 12), (34, 15), (31, 12), (34, 11), (33, 14), (32, 12), (34, 14)}",15,N/A,N/A
17,"(32, 10)","(33, 10)",West,"[(31, 10)]","[(33, 16)]","[(33, 16), (31, 10)]","{(30, 14), (31, 14), (33, 10), (32, 14), (30, 13), (34, 16), (34, 10), (33, 12), (32, 10), (34, 12), (30, 12), (34, 15), (31, 12), (34, 11), (33, 14), (32, 12), (34, 14)}",16,N/A,N/A
18,"(31, 10)","(32, 10)",West,"[(30, 10)]","[(33, 16)]","[(33, 16), (30, 10)]","{(30, 14), (31, 14), (33, 10), (32, 14), (30, 13), (34, 16), (34, 10), (31, 10), (33, 12), (32, 10), (34, 12), (30, 12), (34, 15), (31, 12), (34, 11), (33, 14), (32, 12), (34, 14)}",17,N/A,N/A
19,"(30, 10)","(31, 10)",West,"[(29, 10), (30, 9)]","[(33, 16)]","[(33, 16), (29, 10), (30, 9)]","{(31, 14), (34, 10), (34, 16), (30, 12), (33, 14), (32, 12), (31, 10), (34, 12), (34, 15), (30, 14), (33, 10), (32, 14), (31, 12), (34, 11), (34, 14), (30, 13), (30, 10), (33, 12), (32, 10)}",18,N/A,N/A
20,"(30, 9)","(30, 10)",South,"[(30, 8)]","[(33, 16), (29, 10)]","[(33, 16), (29, 10), (30, 8)]","{(31, 14), (34, 10), (34, 16), (30, 9), (30, 12), (33, 14), (32, 12), (31, 10), (34, 12), (34, 15), (30, 14), (33, 10), (32, 14), (31, 12), (34, 11), (34, 14), (30, 13), (30, 10), (33, 12), (32, 10)}",19,N/A,N/A
21,"(30, 8)","(30, 9)",South,"[(31, 8)]","[(33, 16), (29, 10)]","[(33, 16), (29, 10), (31, 8)]","{(31, 14), (34, 10), (34, 16), (30, 9), (30, 12), (33, 14), (32, 12), (31, 10), (34, 12), (34, 15), (30, 8), (30, 14), (33, 10), (32, 14), (31, 12), (34, 11), (34, 14), (30, 13), (30, 10), (33, 12), (32, 10)}",20,N/A,N/A
22,"(31, 8)","(30, 8)",East,"[(32, 8)]","[(33, 16), (29, 10)]","[(33, 16), (29, 10), (32, 8)]","{(31, 8), (31, 14), (34, 10), (34, 16), (30, 9), (30, 12), (33, 14), (32, 12), (31, 10), (34, 12), (34, 15), (30, 8), (30, 14), (33, 10), (32, 14), (31, 12), (34, 11), (34, 14), (30, 13), (30, 10), (33, 12), (32, 10)}",21,N/A,N/A
23,"(32, 8)","(31, 8)",East,"[(33, 8)]","[(33, 16), (29, 10)]","[(33, 16), (29, 10), (33, 8)]","{(31, 8), (31, 14), (34, 10), (34, 16), (30, 9), (30, 12), (33, 14), (32, 12), (31, 10), (34, 12), (34, 15), (30, 8), (30, 14), (33, 10), (32, 8), (32, 14), (31, 12), (34, 11), (34, 14), (30, 13), (30, 10), (33, 12), (32, 10)}",22,N/A,N/A
24,"(33, 8)","(32, 8)",East,"[(34, 8)]","[(33, 16), (29, 10)]","[(33, 16), (29, 10), (34, 8)]","{(31, 8), (31, 14), (34, 10), (34, 16), (30, 9), (30, 12), (33, 8), (33, 14), (32, 12), (31, 10), (34, 12), (34, 15), (30, 8), (30, 14), (33, 10), (32, 8), (32, 14), (31, 12), (34, 11), (34, 14), (30, 13), (30, 10), (33, 12), (32, 10)}",23,N/A,N/A
25,"(34, 8)","(33, 8)",East,"[(34, 7)]","[(33, 16), (29, 10)]","[(33, 16), (29, 10), (34, 7)]","{(31, 8), (31, 14), (34, 10), (34, 16), (30, 9), (30, 12), (33, 8), (33, 14), (32, 12), (31, 10), (34, 12), (34, 15), (30, 8), (30, 14), (33, 10), (32, 8), (32, 14), (31, 12), (34, 11), (34, 8), (34, 14), (30, 13), (30, 10), (33, 12), (32, 10)}",24,N/A,N/A
26,"(34, 7)","(34, 8)",South,"[(34, 6)]","[(33, 16), (29, 10)]","[(33, 16), (29, 10), (34, 6)]","{(31, 8), (31, 14), (34, 7), (34, 10), (34, 16), (30, 9), (30, 12), (33, 8), (33, 14), (32, 12), (31, 10), (34, 12), (34, 15), (30, 8), (30, 14), (33, 10), (32, 8), (32, 14), (31, 12), (34, 11), (34, 8), (34, 14), (30, 13), (30, 10), (33, 12), (32, 10)}",25,N/A,N/A
27,"(34, 6)","(34, 7)",South,"[(33, 6)]","[(33, 16), (29, 10)]","[(33, 16), (29, 10), (33, 6)]","{(31, 8), (31, 14), (34, 7), (34, 10), (34, 16), (30, 9), (30, 12), (33, 8), (33, 14), (32, 12), (34, 6), (31, 10), (34, 12), (34, 15), (30, 8), (30, 14), (33, 10), (32, 8), (32, 14), (31, 12), (34, 11), (34, 8), (34, 14), (30, 13), (30, 10), (33, 12), (32, 10)}",26,N/A,N/A
28,"(33, 6)","(34, 6)",West,"[(32, 6)]","[(33, 16), (29, 10)]","[(33, 16), (29, 10), (32, 6)]","{(31, 8), (31, 14), (34, 7), (34, 10), (34, 16), (30, 9), (30, 12), (33, 8), (33, 14), (32, 12), (34, 6), (31, 10), (34, 12), (34, 15), (30, 8), (30, 14), (33, 10), (32, 8), (32, 14), (31, 12), (34, 11), (34, 8), (34, 14), (30, 13), (30, 10), (33, 6), (33, 12), (32, 10)}",27,N/A,N/A
29,"(32, 6)","(33, 6)",West,"[(31, 6)]","[(33, 16), (29, 10)]","[(33, 16), (29, 10), (31, 6)]","{(31, 8), (31, 14), (34, 7), (34, 10), (34, 16), (30, 9), (32, 6), (30, 12), (33, 8), (33, 14), (32, 12), (34, 6), (31, 10), (34, 12), (34, 15), (30, 8), (30, 14), (33, 10), (32, 8), (32, 14), (31, 12), (34, 11), (34, 8), (34, 14), (30, 13), (30, 10), (33, 6), (33, 12), (32, 10)}",28,N/A,N/A
30,"(31, 6)","(32, 6)",West,"[(30, 6)]","[(33, 16), (29, 10)]","[(33, 16), (29, 10), (30, 6)]","{(31, 8), (31, 14), (34, 7), (34, 10), (34, 16), (30, 9), (32, 6), (30, 12), (33, 8), (33, 14), (32, 12), (34, 6), (31, 10), (34, 12), (34, 15), (30, 8), (30, 14), (33, 10), (32, 8), (32, 14), (31, 6), (31, 12), (34, 11), (34, 8), (34, 14), (30, 13), (30, 10), (33, 6), (33, 12), (32, 10)}",29,N/A,N/A
31,"(30, 6)","(31, 6)",West,"[(29, 6), (30, 5)]","[(33, 16), (29, 10)]","[(33, 16), (29, 10), (29, 6), (30, 5)]","{(31, 8), (31, 14), (34, 7), (34, 10), (34, 16), (30, 6), (30, 9), (32, 6), (30, 12), (33, 8), (33, 14), (32, 12), (34, 6), (31, 10), (34, 12), (34, 15), (30, 8), (30, 14), (33, 10), (32, 8), (32, 14), (31, 6), (31, 12), (34, 11), (34, 8), (34, 14), (30, 13), (30, 10), (33, 6), (33, 12), (32, 10)}",30,N/A,N/A
32,"(30, 5)","(30, 6)",South,"[(30, 4)]","[(33, 16), (29, 10), (29, 6)]","[(33, 16), (29, 10), (29, 6), (30, 4)]","{(31, 8), (31, 14), (34, 7), (34, 10), (34, 16), (30, 6), (30, 9), (32, 6), (30, 12), (33, 8), (33, 14), (32, 12), (34, 6), (31, 10), (34, 12), (34, 15), (30, 5), (30, 8), (30, 14), (33, 10), (32, 8), (32, 14), (31, 6), (31, 12), (34, 11), (34, 8), (34, 14), (30, 13), (30, 10), (33, 6), (33, 12), (32, 10)}",31,N/A,N/A
33,"(30, 4)","(30, 5)",South,"[(31, 4), (30, 3)]","[(33, 16), (29, 10), (29, 6)]","[(33, 16), (29, 10), (29, 6), (31, 4), (30, 3)]","{(31, 8), (31, 14), (34, 7), (34, 10), (34, 16), (30, 6), (30, 9), (32, 6), (30, 12), (33, 8), (33, 14), (32, 12), (34, 6), (31, 10), (34, 12), (34, 15), (30, 5), (30, 8), (30, 14), (33, 10), (32, 8), (32, 14), (31, 6), (31, 12), (34, 11), (34, 8), (34, 14), (30, 4), (30, 13), (30, 10), (33, 6), (33, 12), (32, 10)}",32,N/A,N/A
34,"(30, 3)","(30, 4)",South,"[(31, 3)]","[(33, 16), (29, 10), (29, 6), (31, 4)]","[(33, 16), (29, 10), (29, 6), (31, 4), (31, 3)]","{(31, 8), (31, 14), (34, 7), (34, 10), (34, 16), (30, 6), (30, 3), (30, 9), (32, 6), (30, 12), (33, 8), (33, 14), (32, 12), (34, 6), (31, 10), (34, 12), (34, 15), (30, 5), (30, 8), (30, 14), (33, 10), (32, 8), (32, 14), (31, 6), (31, 12), (34, 11), (34, 8), (34, 14), (30, 4), (30, 13), (30, 10), (33, 6), (33, 12), (32, 10)}",33,N/A,N/A
35,"(31, 3)","(30, 3)",East,"[(31, 4)]","[(33, 16), (29, 10), (29, 6), (31, 4)]","[(33, 16), (29, 10), (29, 6), (31, 4), (31, 4)]","{(31, 8), (31, 14), (34, 7), (34, 10), (34, 16), (30, 6), (30, 3), (30, 9), (32, 6), (30, 12), (33, 8), (33, 14), (32, 12), (34, 6), (31, 10), (34, 12), (34, 15), (30, 5), (30, 8), (30, 14), (33, 10), (32, 8), (32, 14), (31, 6), (31, 3), (31, 12), (34, 11), (34, 8), (34, 14), (30, 4), (30, 13), (30, 10), (33, 6), (33, 12), (32, 10)}",34,N/A,N/A
36,"(31, 4)","(30, 4)",East,"[(32, 4)]","[(33, 16), (29, 10), (29, 6), (31, 4)]","[(33, 16), (29, 10), (29, 6), (31, 4), (32, 4)]","{(31, 8), (31, 14), (34, 7), (34, 10), (34, 16), (30, 6), (30, 3), (30, 9), (32, 6), (30, 12), (33, 8), (33, 14), (32, 12), (31, 4), (34, 6), (31, 10), (34, 12), (34, 15), (30, 5), (30, 8), (30, 14), (33, 10), (32, 8), (32, 14), (31, 6), (31, 3), (31, 12), (34, 11), (34, 8), (34, 14), (30, 4), (30, 13), (30, 10), (33, 6), (33, 12), (32, 10)}",35,N/A,N/A
37,"(32, 4)","(31, 4)",East,"[(33, 4)]","[(33, 16), (29, 10), (29, 6), (31, 4)]","[(33, 16), (29, 10), (29, 6), (31, 4), (33, 4)]","{(31, 8), (31, 14), (34, 7), (34, 10), (34, 16), (30, 6), (30, 3), (30, 9), (32, 6), (30, 12), (33, 8), (33, 14), (32, 12), (31, 4), (34, 6), (31, 10), (34, 12), (34, 15), (30, 5), (30, 8), (30, 14), (33, 10), (32, 8), (32, 14), (31, 6), (31, 3), (31, 12), (34, 11), (34, 8), (34, 14), (30, 4), (30, 13), (32, 4), (30, 10), (33, 6), (33, 12), (32, 10)}",36,N/A,N/A
38,"(33, 4)","(32, 4)",East,"[(34, 4)]","[(33, 16), (29, 10), (29, 6), (31, 4)]","[(33, 16), (29, 10), (29, 6), (31, 4), (34, 4)]","{(31, 8), (31, 14), (34, 7), (34, 10), (34, 16), (30, 6), (30, 3), (30, 9), (32, 6), (30, 12), (33, 8), (33, 14), (32, 12), (31, 4), (34, 6), (31, 10), (34, 12), (34, 15), (30, 5), (33, 4), (30, 8), (30, 14), (33, 10), (32, 8), (32, 14), (31, 6), (31, 3), (31, 12), (34, 11), (34, 8), (34, 14), (30, 4), (30, 13), (32, 4), (30, 10), (33, 6), (33, 12), (32, 10)}",37,N/A,N/A
39,"(34, 4)","(33, 4)",East,"[(34, 3)]","[(33, 16), (29, 10), (29, 6), (31, 4)]","[(33, 16), (29, 10), (29, 6), (31, 4), (34, 3)]","{(34, 4), (31, 8), (31, 14), (34, 7), (34, 10), (34, 16), (30, 6), (30, 3), (30, 9), (32, 6), (30, 12), (33, 8), (33, 14), (32, 12), (31, 4), (34, 6), (31, 10), (34, 12), (34, 15), (30, 5), (33, 4), (30, 8), (30, 14), (33, 10), (32, 8), (32, 14), (31, 6), (31, 3), (31, 12), (34, 11), (34, 8), (34, 14), (30, 4), (30, 13), (32, 4), (30, 10), (33, 6), (33, 12), (32, 10)}",38,N/A,N/A
40,"(34, 3)","(34, 4)",South,"[(34, 2)]","[(33, 16), (29, 10), (29, 6), (31, 4)]","[(33, 16), (29, 10), (29, 6), (31, 4), (34, 2)]","{(34, 4), (31, 8), (31, 14), (34, 7), (34, 10), (34, 16), (30, 6), (30, 3), (30, 9), (32, 6), (30, 12), (33, 8), (33, 14), (32, 12), (31, 4), (34, 6), (31, 10), (34, 3), (34, 12), (34, 15), (30, 5), (33, 4), (30, 8), (30, 14), (33, 10), (32, 8), (32, 14), (31, 6), (31, 3), (31, 12), (34, 11), (34, 8), (34, 14), (30, 4), (30, 13), (32, 4), (30, 10), (33, 6), (33, 12), (32, 10)}",39,N/A,N/A
41,"(34, 2)","(34, 3)",South,"[(34, 1)]","[(33, 16), (29, 10), (29, 6), (31, 4)]","[(33, 16), (29, 10), (29, 6), (31, 4), (34, 1)]","{(34, 4), (31, 8), (31, 14), (34, 7), (34, 10), (34, 16), (30, 6), (30, 3), (30, 9), (32, 6), (30, 12), (33, 8), (33, 14), (32, 12), (31, 4), (34, 6), (31, 10), (34, 3), (34, 12), (34, 15), (30, 5), (33, 4), (30, 8), (30, 14), (33, 10), (32, 8), (32, 14), (31, 6), (31, 3), (34, 2), (31, 12), (34, 11), (34, 8), (34, 14), (30, 4), (30, 13), (32, 4), (30, 10), (33, 6), (33, 12), (32, 10)}",40,N/A,N/A
42,"(34, 1)","(34, 2)",South,"[(33, 1)]","[(33, 16), (29, 10), (29, 6), (31, 4)]","[(33, 16), (29, 10), (29, 6), (31, 4), (33, 1)]","{(34, 4), (31, 8), (31, 14), (34, 7), (34, 1), (34, 10), (34, 16), (30, 6), (30, 3), (30, 9), (32, 6), (30, 12), (33, 8), (33, 14), (32, 12), (31, 4), (34, 6), (31, 10), (34, 3), (34, 12), (34, 15), (30, 5), (33, 4), (30, 8), (30, 14), (33, 10), (32, 8), (32, 14), (31, 6), (31, 3), (34, 2), (31, 12), (34, 11), (34, 8), (34, 14), (30, 4), (30, 13), (32, 4), (30, 10), (33, 6), (33, 12), (32, 10)}",41,N/A,N/A
43,"(33, 1)","(34, 1)",West,"[(32, 1)]","[(33, 16), (29, 10), (29, 6), (31, 4)]","[(33, 16), (29, 10), (29, 6), (31, 4), (32, 1)]","{(34, 4), (31, 8), (31, 14), (34, 7), (34, 1), (34, 10), (34, 16), (30, 6), (30, 3), (30, 9), (32, 6), (30, 12), (33, 8), (33, 14), (32, 12), (31, 4), (34, 6), (31, 10), (34, 3), (34, 12), (34, 15), (30, 5), (33, 4), (30, 8), (30, 14), (33, 1), (33, 10), (32, 8), (32, 14), (31, 6), (31, 3), (34, 2), (31, 12), (34, 11), (34, 8), (34, 14), (30, 4), (30, 13), (32, 4), (30, 10), (33, 6), (33, 12), (32, 10)}",42,N/A,N/A
44,"(32, 1)","(33, 1)",West,"[(31, 1)]","[(33, 16), (29, 10), (29, 6), (31, 4)]","[(33, 16), (29, 10), (29, 6), (31, 4), (31, 1)]","{(34, 4), (31, 8), (31, 14), (34, 7), (34, 1), (34, 10), (34, 16), (30, 6), (30, 3), (30, 9), (32, 6), (30, 12), (33, 8), (33, 14), (32, 12), (31, 4), (34, 6), (31, 10), (34, 3), (34, 12), (34, 15), (30, 5), (33, 4), (30, 8), (30, 14), (33, 1), (33, 10), (32, 8), (32, 14), (31, 6), (31, 3), (34, 2), (31, 12), (34, 11), (34, 8), (34, 14), (30, 4), (32, 1), (30, 13), (32, 4), (30, 10), (33, 6), (33, 12), (32, 10)}",43,N/A,N/A
45,"(31, 1)","(32, 1)",West,"[(30, 1)]","[(33, 16), (29, 10), (29, 6), (31, 4)]","[(33, 16), (29, 10), (29, 6), (31, 4), (30, 1)]","{(34, 4), (31, 8), (31, 14), (34, 7), (34, 1), (34, 10), (34, 16), (30, 6), (30, 3), (30, 9), (32, 6), (30, 12), (33, 8), (33, 14), (32, 12), (31, 4), (31, 1), (34, 6), (31, 10), (34, 3), (34, 12), (34, 15), (30, 5), (33, 4), (30, 8), (30, 14), (33, 1), (33, 10), (32, 8), (32, 14), (31, 6), (31, 3), (34, 2), (31, 12), (34, 11), (34, 8), (34, 14), (30, 4), (32, 1), (30, 13), (32, 4), (30, 10), (33, 6), (33, 12), (32, 10)}",44,N/A,N/A
46,"(30, 1)","(31, 1)",West,"[(29, 1)]","[(33, 16), (29, 10), (29, 6), (31, 4)]","[(33, 16), (29, 10), (29, 6), (31, 4), (29, 1)]","{(34, 4), (31, 8), (31, 14), (34, 7), (34, 1), (34, 10), (34, 16), (30, 6), (30, 3), (30, 9), (32, 6), (30, 12), (33, 8), (33, 14), (32, 12), (31, 4), (31, 1), (34, 6), (31, 10), (34, 3), (34, 12), (34, 15), (30, 5), (33, 4), (30, 8), (30, 14), (33, 1), (33, 10), (32, 8), (32, 14), (31, 6), (31, 3), (34, 2), (31, 12), (34, 11), (34, 8), (34, 14), (30, 4), (32, 1), (30, 1), (30, 13), (32, 4), (30, 10), (33, 6), (33, 12), (32, 10)}",45,N/A,N/A
47,"(29, 1)","(30, 1)",West,"[(28, 1)]","[(33, 16), (29, 10), (29, 6), (31, 4)]","[(33, 16), (29, 10), (29, 6), (31, 4), (28, 1)]","{(34, 4), (31, 8), (31, 14), (34, 7), (34, 1), (34, 10), (34, 16), (30, 6), (30, 3), (30, 9), (32, 6), (30, 12), (33, 8), (33, 14), (32, 12), (29, 1), (31, 4), (31, 1), (34, 6), (31, 10), (34, 3), (34, 12), (34, 15), (30, 5), (33, 4), (30, 8), (30, 14), (33, 1), (33, 10), (32, 8), (32, 14), (31, 6), (31, 3), (34, 2), (31, 12), (34, 11), (34, 8), (34, 14), (30, 4), (32, 1), (30, 1), (30, 13), (32, 4), (30, 10), (33, 6), (33, 12), (32, 10)}",46,N/A,N/A
48,"(28, 1)","(29, 1)",West,"[(27, 1)]","[(33, 16), (29, 10), (29, 6), (31, 4)]","[(33, 16), (29, 10), (29, 6), (31, 4), (27, 1)]","{(34, 4), (31, 8), (31, 14), (34, 7), (34, 1), (34, 10), (34, 16), (30, 6), (30, 3), (30, 9), (32, 6), (30, 12), (33, 8), (33, 14), (32, 12), (29, 1), (31, 4), (31, 1), (34, 6), (31, 10), (34, 3), (34, 12), (34, 15), (30, 5), (33, 4), (30, 8), (30, 14), (33, 1), (33, 10), (32, 8), (32, 14), (31, 6), (31, 3), (34, 2), (31, 12), (34, 11), (34, 8), (34, 14), (28, 1), (30, 4), (32, 1), (30, 1), (30, 13), (32, 4), (30, 10), (33, 6), (33, 12), (32, 10)}",47,N/A,N/A
49,"(27, 1)","(28, 1)",West,"[(27, 2)]","[(33, 16), (29, 10), (29, 6), (31, 4)]","[(33, 16), (29, 10), (29, 6), (31, 4), (27, 2)]","{(34, 4), (31, 8), (31, 14), (34, 7), (34, 1), (27, 1), (34, 10), (34, 16), (30, 6), (30, 3), (30, 9), (32, 6), (30, 12), (33, 8), (33, 14), (32, 12), (29, 1), (31, 4), (31, 1), (34, 6), (31, 10), (34, 3), (34, 12), (34, 15), (30, 5), (33, 4), (30, 8), (30, 14), (33, 1), (33, 10), (32, 8), (32, 14), (31, 6), (31, 3), (34, 2), (31, 12), (34, 11), (34, 8), (34, 14), (28, 1), (30, 4), (32, 1), (30, 1), (30, 13), (32, 4), (30, 10), (33, 6), (33, 12), (32, 10)}",48,N/A,N/A
50,"(27, 2)","(27, 1)",North,"[(26, 2), (27, 3)]","[(33, 16), (29, 10), (29, 6), (31, 4)]","[(33, 16), (29, 10), (29, 6), (31, 4), (26, 2), (27, 3)]","{(34, 4), (31, 8), (31, 14), (34, 7), (34, 1), (27, 1), (34, 10), (34, 16), (30, 6), (30, 3), (30, 9), (32, 6), (30, 12), (33, 8), (33, 14), (32, 12), (29, 1), (31, 4), (31, 1), (34, 6), (31, 10), (34, 3), (34, 12), (34, 15), (30, 5), (33, 4), (30, 8), (30, 14), (33, 1), (33, 10), (32, 8), (32, 14), (31, 6), (31, 3), (34, 2), (31, 12), (34, 11), (34, 8), (34, 14), (27, 2), (28, 1), (30, 4), (32, 1), (30, 1), (30, 13), (32, 4), (30, 10), (33, 6), (33, 12), (32, 10)}",49,N/A,N/A
51,"(27, 3)","(27, 2)",North,"[(27, 4)]","[(33, 16), (29, 10), (29, 6), (31, 4), (26, 2)]","[(33, 16), (29, 10), (29, 6), (31, 4), (26, 2), (27, 4)]","{(34, 4), (31, 8), (31, 14), (34, 7), (34, 1), (27, 1), (34, 10), (34, 16), (30, 6), (30, 3), (30, 9), (32, 6), (30, 12), (33, 8), (33, 14), (32, 12), (29, 1), (31, 4), (31, 1), (34, 6), (31, 10), (34, 3), (34, 12), (34, 15), (27, 3), (30, 5), (33, 4), (30, 8), (30, 14), (33, 1), (33, 10), (32, 8), (32, 14), (31, 6), (31, 3), (34, 2), (31, 12), (34, 11), (34, 8), (34, 14), (27, 2), (28, 1), (30, 4), (32, 1), (30, 1), (30, 13), (32, 4), (30, 10), (33, 6), (33, 12), (32, 10)}",50,N/A,N/A
52,"(27, 4)","(27, 3)",North,"[(27, 5)]","[(33, 16), (29, 10), (29, 6), (31, 4), (26, 2)]","[(33, 16), (29, 10), (29, 6), (31, 4), (26, 2), (27, 5)]","{(34, 4), (31, 8), (31, 14), (34, 7), (34, 1), (27, 1), (34, 10), (34, 16), (27, 4), (30, 6), (30, 3), (30, 9), (32, 6), (30, 12), (33, 8), (33, 14), (32, 12), (29, 1), (31, 4), (31, 1), (34, 6), (31, 10), (34, 3), (34, 12), (34, 15), (27, 3), (30, 5), (33, 4), (30, 8), (30, 14), (33, 1), (33, 10), (32, 8), (32, 14), (31, 6), (31, 3), (34, 2), (31, 12), (34, 11), (34, 8), (34, 14), (27, 2), (28, 1), (30, 4), (32, 1), (30, 1), (30, 13), (32, 4), (30, 10), (33, 6), (33, 12), (32, 10)}",51,N/A,N/A
53,"(27, 5)","(27, 4)",North,"[(27, 6)]","[(33, 16), (29, 10), (29, 6), (31, 4), (26, 2)]","[(33, 16), (29, 10), (29, 6), (31, 4), (26, 2), (27, 6)]","{(34, 4), (31, 8), (31, 14), (34, 7), (34, 1), (27, 1), (34, 10), (34, 16), (27, 4), (30, 6), (30, 3), (30, 9), (32, 6), (30, 12), (33, 8), (33, 14), (32, 12), (29, 1), (31, 4), (31, 1), (34, 6), (31, 10), (34, 3), (34, 12), (34, 15), (27, 3), (30, 5), (33, 4), (30, 8), (30, 14), (33, 1), (33, 10), (32, 8), (32, 14), (31, 6), (31, 3), (34, 2), (31, 12), (34, 11), (34, 8), (34, 14), (27, 2), (28, 1), (30, 4), (27, 5), (32, 1), (30, 1), (30, 13), (32, 4), (30, 10), (33, 6), (33, 12), (32, 10)}",52,N/A,N/A
54,"(27, 6)","(27, 5)",North,"[(27, 7)]","[(33, 16), (29, 10), (29, 6), (31, 4), (26, 2)]","[(33, 16), (29, 10), (29, 6), (31, 4), (26, 2), (27, 7)]","{(34, 4), (31, 8), (31, 14), (34, 7), (34, 1), (27, 1), (34, 10), (34, 16), (27, 4), (30, 6), (30, 3), (30, 9), (32, 6), (30, 12), (33, 8), (33, 14), (32, 12), (29, 1), (31, 4), (31, 1), (34, 6), (31, 10), (34, 3), (34, 12), (27, 6), (34, 15), (27, 3), (30, 5), (33, 4), (30, 8), (30, 14), (33, 1), (33, 10), (32, 8), (32, 14), (31, 6), (31, 3), (34, 2), (31, 12), (34, 11), (34, 8), (34, 14), (27, 2), (28, 1), (30, 4), (27, 5), (32, 1), (30, 1), (30, 13), (32, 4), (30, 10), (33, 6), (33, 12), (32, 10)}",53,N/A,N/A
55,"(27, 7)","(27, 6)",North,"[(27, 8)]","[(33, 16), (29, 10), (29, 6), (31, 4), (26, 2)]","[(33, 16), (29, 10), (29, 6), (31, 4), (26, 2), (27, 8)]","{(34, 4), (31, 8), (31, 14), (34, 7), (34, 1), (27, 1), (34, 10), (34, 16), (27, 4), (30, 6), (27, 7), (30, 3), (30, 9), (32, 6), (30, 12), (33, 8), (33, 14), (32, 12), (29, 1), (31, 4), (31, 1), (34, 6), (31, 10), (34, 3), (34, 12), (27, 6), (34, 15), (27, 3), (30, 5), (33, 4), (30, 8), (30, 14), (33, 1), (33, 10), (32, 8), (32, 14), (31, 6), (31, 3), (34, 2), (31, 12), (34, 11), (34, 8), (34, 14), (27, 2), (28, 1), (30, 4), (27, 5), (32, 1), (30, 1), (30, 13), (32, 4), (30, 10), (33, 6), (33, 12), (32, 10)}",54,N/A,N/A
56,"(27, 8)","(27, 7)",North,"[(27, 9)]","[(33, 16), (29, 10), (29, 6), (31, 4), (26, 2)]","[(33, 16), (29, 10), (29, 6), (31, 4), (26, 2), (27, 9)]","{(34, 4), (31, 8), (31, 14), (34, 7), (34, 1), (27, 1), (34, 10), (34, 16), (27, 4), (30, 6), (27, 7), (30, 3), (30, 9), (32, 6), (30, 12), (33, 8), (33, 14), (32, 12), (29, 1), (31, 4), (31, 1), (34, 6), (31, 10), (34, 3), (34, 12), (27, 6), (34, 15), (27, 3), (30, 5), (33, 4), (30, 8), (30, 14), (33, 1), (33, 10), (32, 8), (32, 14), (31, 6), (31, 3), (34, 2), (31, 12), (34, 11), (34, 8), (34, 14), (27, 2), (27, 8), (28, 1), (30, 4), (27, 5), (32, 1), (30, 1), (30, 13), (32, 4), (30, 10), (33, 6), (33, 12), (32, 10)}",55,N/A,N/A
57,"(27, 9)","(27, 8)",North,"[(26, 9)]","[(33, 16), (29, 10), (29, 6), (31, 4), (26, 2)]","[(33, 16), (29, 10), (29, 6), (31, 4), (26, 2), (26, 9)]","{(34, 4), (31, 8), (31, 14), (34, 7), (34, 1), (27, 1), (34, 10), (34, 16), (27, 4), (30, 6), (27, 7), (30, 3), (30, 9), (32, 6), (30, 12), (33, 8), (33, 14), (32, 12), (29, 1), (31, 4), (31, 1), (34, 6), (31, 10), (34, 3), (34, 12), (27, 6), (34, 15), (27, 3), (27, 9), (30, 5), (33, 4), (30, 8), (30, 14), (33, 1), (33, 10), (32, 8), (32, 14), (31, 6), (31, 3), (34, 2), (31, 12), (34, 11), (34, 8), (34, 14), (27, 2), (27, 8), (28, 1), (30, 4), (27, 5), (32, 1), (30, 1), (30, 13), (32, 4), (30, 10), (33, 6), (33, 12), (32, 10)}",56,N/A,N/A
58,"(26, 9)","(27, 9)",West,"[(25, 9)]","[(33, 16), (29, 10), (29, 6), (31, 4), (26, 2)]","[(33, 16), (29, 10), (29, 6), (31, 4), (26, 2), (25, 9)]","{(34, 4), (31, 8), (31, 14), (34, 7), (34, 1), (27, 1), (34, 10), (34, 16), (27, 4), (30, 6), (27, 7), (30, 3), (30, 9), (32, 6), (30, 12), (33, 8), (33, 14), (32, 12), (29, 1), (31, 4), (31, 1), (34, 6), (31, 10), (34, 3), (34, 12), (27, 6), (34, 15), (27, 3), (27, 9), (30, 5), (33, 4), (30, 8), (30, 14), (33, 1), (33, 10), (32, 8), (32, 14), (31, 6), (31, 3), (34, 2), (31, 12), (34, 11), (34, 8), (34, 14), (27, 2), (27, 8), (28, 1), (30, 4), (27, 5), (32, 1), (30, 1), (30, 13), (32, 4), (30, 10), (33, 6), (33, 12), (32, 10), (26, 9)}",57,N/A,N/A
59,"(25, 9)","(26, 9)",West,"[(24, 9)]","[(33, 16), (29, 10), (29, 6), (31, 4), (26, 2)]","[(33, 16), (29, 10), (29, 6), (31, 4), (26, 2), (24, 9)]","{(34, 4), (31, 8), (31, 14), (34, 7), (34, 1), (27, 1), (34, 10), (34, 16), (27, 4), (30, 6), (27, 7), (30, 3), (30, 9), (32, 6), (30, 12), (33, 8), (33, 14), (32, 12), (29, 1), (31, 4), (31, 1), (34, 6), (31, 10), (34, 3), (34, 12), (27, 6), (34, 15), (27, 3), (27, 9), (30, 5), (33, 4), (30, 8), (30, 14), (33, 1), (33, 10), (32, 8), (32, 14), (25, 9), (31, 6), (31, 3), (34, 2), (31, 12), (34, 11), (34, 8), (34, 14), (27, 2), (27, 8), (28, 1), (30, 4), (27, 5), (32, 1), (30, 1), (30, 13), (32, 4), (30, 10), (33, 6), (33, 12), (32, 10), (26, 9)}",58,N/A,N/A
60,"(24, 9)","(25, 9)",West,"[(23, 9)]","[(33, 16), (29, 10), (29, 6), (31, 4), (26, 2)]","[(33, 16), (29, 10), (29, 6), (31, 4), (26, 2), (23, 9)]","{(34, 4), (31, 8), (31, 14), (34, 7), (34, 1), (27, 1), (34, 10), (34, 16), (27, 4), (30, 6), (27, 7), (30, 3), (30, 9), (32, 6), (30, 12), (33, 8), (33, 14), (32, 12), (29, 1), (31, 4), (31, 1), (34, 6), (31, 10), (34, 3), (34, 12), (27, 6), (34, 15), (27, 3), (27, 9), (30, 5), (33, 4), (30, 8), (30, 14), (33, 1), (33, 10), (32, 8), (32, 14), (25, 9), (31, 6), (31, 3), (34, 2), (31, 12), (34, 11), (34, 8), (34, 14), (27, 2), (27, 8), (28, 1), (30, 4), (27, 5), (32, 1), (30, 1), (30, 13), (32, 4), (30, 10), (33, 6), (33, 12), (32, 10), (24, 9), (26, 9)}",59,N/A,N/A
61,"(23, 9)","(24, 9)",West,"[(22, 9)]","[(33, 16), (29, 10), (29, 6), (31, 4), (26, 2)]","[(33, 16), (29, 10), (29, 6), (31, 4), (26, 2), (22, 9)]","{(34, 4), (31, 8), (31, 14), (34, 7), (34, 1), (27, 1), (34, 10), (34, 16), (27, 4), (30, 6), (27, 7), (30, 3), (30, 9), (32, 6), (30, 12), (33, 8), (33, 14), (32, 12), (29, 1), (31, 4), (31, 1), (34, 6), (31, 10), (34, 3), (23, 9), (34, 12), (27, 6), (34, 15), (27, 3), (27, 9), (30, 5), (33, 4), (30, 8), (30, 14), (33, 1), (33, 10), (32, 8), (32, 14), (25, 9), (31, 6), (31, 3), (34, 2), (31, 12), (34, 11), (34, 8), (34, 14), (27, 2), (27, 8), (28, 1), (30, 4), (27, 5), (32, 1), (30, 1), (30, 13), (32, 4), (30, 10), (33, 6), (33, 12), (32, 10), (24, 9), (26, 9)}",60,N/A,N/A
62,"(22, 9)","(23, 9)",West,"[(21, 9)]","[(33, 16), (29, 10), (29, 6), (31, 4), (26, 2)]","[(33, 16), (29, 10), (29, 6), (31, 4), (26, 2), (21, 9)]","{(34, 4), (31, 8), (31, 14), (34, 7), (34, 1), (27, 1), (34, 10), (34, 16), (27, 4), (30, 6), (27, 7), (30, 3), (30, 9), (32, 6), (30, 12), (33, 8), (33, 14), (32, 12), (29, 1), (31, 4), (31, 1), (34, 6), (31, 10), (34, 3), (23, 9), (34, 12), (27, 6), (34, 15), (27, 3), (27, 9), (30, 5), (33, 4), (30, 8), (30, 14), (33, 1), (33, 10), (32, 8), (32, 14), (25, 9), (31, 6), (31, 3), (34, 2), (31, 12), (34, 11), (22, 9), (34, 8), (34, 14), (27, 2), (27, 8), (28, 1), (30, 4), (27, 5), (32, 1), (30, 1), (30, 13), (32, 4), (30, 10), (33, 6), (33, 12), (32, 10), (24, 9), (26, 9)}",61,N/A,N/A
63,"(21, 9)","(22, 9)",West,"[(20, 9)]","[(33, 16), (29, 10), (29, 6), (31, 4), (26, 2)]","[(33, 16), (29, 10), (29, 6), (31, 4), (26, 2), (20, 9)]","{(34, 4), (31, 8), (31, 14), (34, 7), (34, 1), (27, 1), (34, 10), (34, 16), (27, 4), (30, 6), (27, 7), (30, 3), (30, 9), (32, 6), (30, 12), (33, 8), (33, 14), (32, 12), (29, 1), (31, 4), (31, 1), (21, 9), (34, 6), (31, 10), (34, 3), (23, 9), (34, 12), (27, 6), (34, 15), (27, 3), (27, 9), (30, 5), (33, 4), (30, 8), (30, 14), (33, 1), (33, 10), (32, 8), (32, 14), (25, 9), (31, 6), (31, 3), (34, 2), (31, 12), (34, 11), (22, 9), (34, 8), (34, 14), (27, 2), (27, 8), (28, 1), (30, 4), (27, 5), (32, 1), (30, 1), (30, 13), (32, 4), (30, 10), (33, 6), (33, 12), (32, 10), (24, 9), (26, 9)}",62,N/A,N/A
64,"(20, 9)","(21, 9)",West,"[(20, 10)]","[(33, 16), (29, 10), (29, 6), (31, 4), (26, 2)]","[(33, 16), (29, 10), (29, 6), (31, 4), (26, 2), (20, 10)]","{(34, 4), (31, 8), (31, 14), (34, 7), (34, 1), (27, 1), (34, 10), (34, 16), (27, 4), (30, 6), (27, 7), (30, 3), (30, 9), (32, 6), (30, 12), (33, 8), (33, 14), (32, 12), (29, 1), (31, 4), (31, 1), (21, 9), (34, 6), (31, 10), (34, 3), (23, 9), (34, 12), (27, 6), (34, 15), (27, 3), (27, 9), (30, 5), (33, 4), (30, 8), (30, 14), (33, 1), (33, 10), (32, 8), (32, 14), (25, 9), (31, 6), (31, 3), (34, 2), (20, 9), (31, 12), (34, 11), (22, 9), (34, 8), (34, 14), (27, 2), (27, 8), (28, 1), (30, 4), (27, 5), (32, 1), (30, 1), (30, 13), (32, 4), (30, 10), (33, 6), (33, 12), (32, 10), (24, 9), (26, 9)}",63,N/A,N/A
65,"(20, 10)","(20, 9)",North,"[(20, 11)]","[(33, 16), (29, 10), (29, 6), (31, 4), (26, 2)]","[(33, 16), (29, 10), (29, 6), (31, 4), (26, 2), (20, 11)]","{(34, 4), (31, 8), (31, 14), (34, 7), (34, 1), (27, 1), (34, 10), (34, 16), (27, 4), (30, 6), (27, 7), (30, 3), (30, 9), (32, 6), (30, 12), (33, 8), (33, 14), (32, 12), (29, 1), (31, 4), (31, 1), (21, 9), (34, 6), (31, 10), (34, 3), (23, 9), (20, 10), (34, 12), (27, 6), (34, 15), (27, 3), (27, 9), (30, 5), (33, 4), (30, 8), (30, 14), (33, 1), (33, 10), (32, 8), (32, 14), (25, 9), (31, 6), (31, 3), (34, 2), (20, 9), (31, 12), (34, 11), (22, 9), (34, 8), (34, 14), (27, 2), (27, 8), (28, 1), (30, 4), (27, 5), (32, 1), (30, 1), (30, 13), (32, 4), (30, 10), (33, 6), (33, 12), (32, 10), (24, 9), (26, 9)}",64,N/A,N/A
66,"(20, 11)","(20, 10)",North,"[(19, 11), (20, 12)]","[(33, 16), (29, 10), (29, 6), (31, 4), (26, 2)]","[(33, 16), (29, 10), (29, 6), (31, 4), (26, 2), (19, 11), (20, 12)]","{(34, 4), (20, 11), (31, 8), (31, 14), (34, 7), (34, 1), (27, 1), (34, 10), (34, 16), (27, 4), (30, 6), (27, 7), (30, 3), (30, 9), (32, 6), (30, 12), (33, 8), (33, 14), (32, 12), (29, 1), (31, 4), (31, 1), (21, 9), (34, 6), (31, 10), (34, 3), (23, 9), (20, 10), (34, 12), (27, 6), (34, 15), (27, 3), (27, 9), (30, 5), (33, 4), (30, 8), (30, 14), (33, 1), (33, 10), (32, 8), (32, 14), (25, 9), (31, 6), (31, 3), (34, 2), (20, 9), (31, 12), (34, 11), (22, 9), (34, 8), (34, 14), (27, 2), (27, 8), (28, 1), (30, 4), (27, 5), (32, 1), (30, 1), (30, 13), (32, 4), (30, 10), (33, 6), (33, 12), (32, 10), (24, 9), (26, 9)}",65,N/A,N/A
67,"(20, 12)","(20, 11)",North,"[(19, 12), (21, 12)]","[(33, 16), (29, 10), (29, 6), (31, 4), (26, 2), (19, 11)]","[(33, 16), (29, 10), (29, 6), (31, 4), (26, 2), (19, 11), (19, 12), (21, 12)]","{(34, 4), (20, 11), (31, 8), (31, 14), (34, 7), (34, 1), (27, 1), (34, 10), (34, 16), (27, 4), (30, 6), (27, 7), (30, 3), (30, 9), (32, 6), (30, 12), (33, 8), (33, 14), (32, 12), (29, 1), (31, 4), (31, 1), (21, 9), (34, 6), (31, 10), (34, 3), (23, 9), (20, 10), (34, 12), (27, 6), (34, 15), (27, 3), (27, 9), (30, 5), (33, 4), (30, 8), (30, 14), (33, 1), (33, 10), (32, 8), (32, 14), (25, 9), (31, 6), (31, 3), (34, 2), (20, 9), (31, 12), (34, 11), (22, 9), (20, 12), (34, 8), (34, 14), (27, 2), (27, 8), (28, 1), (30, 4), (27, 5), (32, 1), (30, 1), (30, 13), (32, 4), (30, 10), (33, 6), (33, 12), (32, 10), (24, 9), (26, 9)}",66,N/A,N/A
68,"(21, 12)","(20, 12)",East,"[(22, 12)]","[(33, 16), (29, 10), (29, 6), (31, 4), (26, 2), (19, 11), (19, 12)]","[(33, 16), (29, 10), (29, 6), (31, 4), (26, 2), (19, 11), (19, 12), (22, 12)]","{(34, 4), (20, 11), (31, 8), (31, 14), (34, 7), (34, 1), (27, 1), (34, 10), (34, 16), (27, 4), (30, 6), (27, 7), (30, 3), (30, 9), (32, 6), (30, 12), (33, 8), (33, 14), (32, 12), (29, 1), (31, 4), (31, 1), (21, 9), (34, 6), (21, 12), (31, 10), (34, 3), (23, 9), (20, 10), (34, 12), (27, 6), (34, 15), (27, 3), (27, 9), (30, 5), (33, 4), (30, 8), (30, 14), (33, 1), (33, 10), (32, 8), (32, 14), (25, 9), (31, 6), (31, 3), (34, 2), (20, 9), (31, 12), (34, 11), (22, 9), (20, 12), (34, 8), (34, 14), (27, 2), (27, 8), (28, 1), (30, 4), (27, 5), (32, 1), (30, 1), (30, 13), (32, 4), (30, 10), (33, 6), (33, 12), (32, 10), (24, 9), (26, 9)}",67,N/A,N/A
69,"(22, 12)","(21, 12)",East,"[(23, 12)]","[(33, 16), (29, 10), (29, 6), (31, 4), (26, 2), (19, 11), (19, 12)]","[(33, 16), (29, 10), (29, 6), (31, 4), (26, 2), (19, 11), (19, 12), (23, 12)]","{(34, 4), (20, 11), (31, 8), (31, 14), (34, 7), (34, 1), (27, 1), (34, 10), (34, 16), (27, 4), (30, 6), (27, 7), (30, 3), (30, 9), (32, 6), (30, 12), (33, 8), (33, 14), (32, 12), (29, 1), (31, 4), (31, 1), (21, 9), (34, 6), (21, 12), (31, 10), (34, 3), (23, 9), (20, 10), (34, 12), (27, 6), (34, 15), (27, 3), (27, 9), (30, 5), (33, 4), (30, 8), (30, 14), (33, 1), (33, 10), (32, 8), (32, 14), (25, 9), (31, 6), (31, 3), (34, 2), (20, 9), (31, 12), (34, 11), (22, 9), (20, 12), (34, 8), (34, 14), (27, 2), (27, 8), (28, 1), (22, 12), (30, 4), (27, 5), (32, 1), (30, 1), (30, 13), (32, 4), (30, 10), (33, 6), (33, 12), (32, 10), (24, 9), (26, 9)}",68,N/A,N/A
70,"(23, 12)","(22, 12)",East,"[(24, 12)]","[(33, 16), (29, 10), (29, 6), (31, 4), (26, 2), (19, 11), (19, 12)]","[(33, 16), (29, 10), (29, 6), (31, 4), (26, 2), (19, 11), (19, 12), (24, 12)]","{(34, 4), (20, 11), (31, 8), (31, 14), (34, 7), (34, 1), (27, 1), (34, 10), (34, 16), (27, 4), (30, 6), (27, 7), (30, 3), (30, 9), (32, 6), (30, 12), (33, 8), (33, 14), (32, 12), (29, 1), (31, 4), (31, 1), (21, 9), (34, 6), (21, 12), (31, 10), (34, 3), (23, 9), (20, 10), (23, 12), (34, 12), (27, 6), (34, 15), (27, 3), (27, 9), (30, 5), (33, 4), (30, 8), (30, 14), (33, 1), (33, 10), (32, 8), (32, 14), (25, 9), (31, 6), (31, 3), (34, 2), (20, 9), (31, 12), (34, 11), (22, 9), (20, 12), (34, 8), (34, 14), (27, 2), (27, 8), (28, 1), (22, 12), (30, 4), (27, 5), (32, 1), (30, 1), (30, 13), (32, 4), (30, 10), (33, 6), (33, 12), (32, 10), (24, 9), (26, 9)}",69,N/A,N/A
71,"(24, 12)","(23, 12)",East,"[(24, 11)]","[(33, 16), (29, 10), (29, 6), (31, 4), (26, 2), (19, 11), (19, 12)]","[(33, 16), (29, 10), (29, 6), (31, 4), (26, 2), (19, 11), (19, 12), (24, 11)]","{(34, 4), (20, 11), (31, 8), (31, 14), (34, 7), (34, 1), (27, 1), (34, 10), (34, 16), (27, 4), (30, 6), (27, 7), (30, 3), (30, 9), (32, 6), (30, 12), (33, 8), (33, 14), (32, 12), (29, 1), (31, 4), (31, 1), (21, 9), (34, 6), (21, 12), (31, 10), (34, 3), (23, 9), (20, 10), (23, 12), (34, 12), (27, 6), (34, 15), (27, 3), (27, 9), (30, 5), (33, 4), (30, 8), (30, 14), (33, 1), (33, 10), (32, 8), (32, 14), (25, 9), (31, 6), (31, 3), (34, 2), (20, 9), (31, 12), (34, 11), (22, 9), (20, 12), (34, 8), (34, 14), (27, 2), (27, 8), (28, 1), (22, 12), (30, 4), (27, 5), (32, 1), (30, 1), (30, 13), (32, 4), (30, 10), (33, 6), (33, 12), (32, 10), (24, 9), (24, 12), (26, 9)}",70,N/A,N/A
72,"(24, 11)","(24, 12)",South,"[(25, 11)]","[(33, 16), (29, 10), (29, 6), (31, 4), (26, 2), (19, 11), (19, 12)]","[(33, 16), (29, 10), (29, 6), (31, 4), (26, 2), (19, 11), (19, 12), (25, 11)]","{(34, 4), (20, 11), (31, 8), (31, 14), (34, 7), (34, 1), (27, 1), (34, 10), (34, 16), (27, 4), (30, 6), (27, 7), (30, 3), (30, 9), (32, 6), (30, 12), (33, 8), (33, 14), (32, 12), (24, 11), (29, 1), (31, 4), (31, 1), (21, 9), (34, 6), (21, 12), (31, 10), (34, 3), (23, 9), (20, 10), (23, 12), (34, 12), (27, 6), (34, 15), (27, 3), (27, 9), (30, 5), (33, 4), (30, 8), (30, 14), (33, 1), (33, 10), (32, 8), (32, 14), (25, 9), (31, 6), (31, 3), (34, 2), (20, 9), (31, 12), (34, 11), (22, 9), (20, 12), (34, 8), (34, 14), (27, 2), (27, 8), (28, 1), (22, 12), (30, 4), (27, 5), (32, 1), (30, 1), (30, 13), (32, 4), (30, 10), (33, 6), (33, 12), (32, 10), (24, 9), (24, 12), (26, 9)}",71,N/A,N/A
73,"(25, 11)","(24, 11)",East,"[(26, 11)]","[(33, 16), (29, 10), (29, 6), (31, 4), (26, 2), (19, 11), (19, 12)]","[(33, 16), (29, 10), (29, 6), (31, 4), (26, 2), (19, 11), (19, 12), (26, 11)]","{(34, 4), (20, 11), (31, 8), (31, 14), (34, 7), (34, 1), (27, 1), (34, 10), (34, 16), (27, 4), (30, 6), (27, 7), (30, 3), (30, 9), (32, 6), (30, 12), (33, 8), (33, 14), (32, 12), (24, 11), (29, 1), (31, 4), (31, 1), (21, 9), (34, 6), (21, 12), (31, 10), (34, 3), (23, 9), (20, 10), (23, 12), (34, 12), (27, 6), (34, 15), (27, 3), (27, 9), (30, 5), (33, 4), (30, 8), (30, 14), (33, 1), (33, 10), (32, 8), (32, 14), (25, 9), (31, 6), (31, 3), (34, 2), (20, 9), (31, 12), (34, 11), (22, 9), (20, 12), (34, 8), (34, 14), (27, 2), (27, 8), (28, 1), (22, 12), (30, 4), (27, 5), (32, 1), (30, 1), (30, 13), (32, 4), (30, 10), (33, 6), (33, 12), (32, 10), (24, 9), (24, 12), (26, 9), (25, 11)}",72,N/A,N/A
74,"(26, 11)","(25, 11)",East,"[(27, 11)]","[(33, 16), (29, 10), (29, 6), (31, 4), (26, 2), (19, 11), (19, 12)]","[(33, 16), (29, 10), (29, 6), (31, 4), (26, 2), (19, 11), (19, 12), (27, 11)]","{(34, 4), (20, 11), (31, 8), (31, 14), (34, 7), (34, 1), (27, 1), (34, 10), (34, 16), (27, 4), (30, 6), (27, 7), (30, 3), (30, 9), (32, 6), (30, 12), (33, 8), (33, 14), (32, 12), (24, 11), (26, 11), (29, 1), (31, 4), (31, 1), (21, 9), (34, 6), (21, 12), (31, 10), (34, 3), (23, 9), (20, 10), (23, 12), (34, 12), (27, 6), (34, 15), (27, 3), (27, 9), (30, 5), (33, 4), (30, 8), (30, 14), (33, 1), (33, 10), (32, 8), (32, 14), (25, 9), (31, 6), (31, 3), (34, 2), (20, 9), (31, 12), (34, 11), (22, 9), (20, 12), (34, 8), (34, 14), (27, 2), (27, 8), (28, 1), (22, 12), (30, 4), (27, 5), (32, 1), (30, 1), (30, 13), (32, 4), (30, 10), (33, 6), (33, 12), (32, 10), (24, 9), (24, 12), (26, 9), (25, 11)}",73,N/A,N/A
75,"(27, 11)","(26, 11)",East,"[(27, 12)]","[(33, 16), (29, 10), (29, 6), (31, 4), (26, 2), (19, 11), (19, 12)]","[(33, 16), (29, 10), (29, 6), (31, 4), (26, 2), (19, 11), (19, 12), (27, 12)]","{(34, 4), (20, 11), (31, 8), (31, 14), (34, 7), (34, 1), (27, 1), (34, 10), (34, 16), (27, 4), (30, 6), (27, 7), (30, 3), (30, 9), (32, 6), (30, 12), (33, 8), (33, 14), (32, 12), (24, 11), (26, 11), (29, 1), (31, 4), (31, 1), (21, 9), (34, 6), (21, 12), (31, 10), (34, 3), (23, 9), (20, 10), (23, 12), (34, 12), (27, 6), (34, 15), (27, 3), (27, 9), (30, 5), (33, 4), (30, 8), (30, 14), (33, 1), (33, 10), (32, 8), (32, 14), (25, 9), (31, 6), (31, 3), (34, 2), (20, 9), (31, 12), (34, 11), (22, 9), (20, 12), (34, 8), (34, 14), (27, 2), (27, 8), (28, 1), (22, 12), (30, 4), (27, 5), (32, 1), (30, 1), (27, 11), (30, 13), (32, 4), (30, 10), (33, 6), (33, 12), (32, 10), (24, 9), (24, 12), (26, 9), (25, 11)}",74,N/A,N/A
76,"(27, 12)","(27, 11)",North,"[(27, 13)]","[(33, 16), (29, 10), (29, 6), (31, 4), (26, 2), (19, 11), (19, 12)]","[(33, 16), (29, 10), (29, 6), (31, 4), (26, 2), (19, 11), (19, 12), (27, 13)]","{(34, 4), (20, 11), (31, 8), (31, 14), (34, 7), (34, 1), (27, 1), (34, 10), (34, 16), (27, 4), (30, 6), (27, 7), (30, 3), (30, 9), (32, 6), (30, 12), (33, 8), (33, 14), (32, 12), (24, 11), (26, 11), (29, 1), (31, 4), (31, 1), (21, 9), (34, 6), (21, 12), (31, 10), (34, 3), (23, 9), (20, 10), (23, 12), (34, 12), (27, 6), (34, 15), (27, 3), (27, 9), (30, 5), (33, 4), (27, 12), (30, 8), (30, 14), (33, 1), (33, 10), (32, 8), (32, 14), (25, 9), (31, 6), (31, 3), (34, 2), (20, 9), (31, 12), (34, 11), (22, 9), (20, 12), (34, 8), (34, 14), (27, 2), (27, 8), (28, 1), (22, 12), (30, 4), (27, 5), (32, 1), (30, 1), (27, 11), (30, 13), (32, 4), (30, 10), (33, 6), (33, 12), (32, 10), (24, 9), (24, 12), (26, 9), (25, 11)}",75,N/A,N/A
77,"(27, 13)","(27, 12)",North,"[(27, 14)]","[(33, 16), (29, 10), (29, 6), (31, 4), (26, 2), (19, 11), (19, 12)]","[(33, 16), (29, 10), (29, 6), (31, 4), (26, 2), (19, 11), (19, 12), (27, 14)]","{(34, 1), (34, 10), (27, 4), (27, 13), (30, 9), (32, 12), (21, 9), (34, 3), (34, 12), (27, 6), (32, 14), (34, 14), (22, 12), (27, 8), (30, 4), (30, 13), (33, 6), (24, 12), (26, 9), (25, 11), (31, 8), (34, 7), (27, 1), (34, 16), (30, 6), (33, 8), (26, 11), (31, 1), (31, 10), (20, 10), (33, 1), (33, 10), (31, 3), (34, 2), (31, 12), (34, 11), (22, 9), (20, 12), (32, 4), (33, 12), (24, 9), (34, 4), (31, 14), (32, 6), (33, 14), (24, 11), (29, 1), (34, 6), (23, 12), (27, 3), (27, 12), (30, 8), (20, 9), (27, 5), (32, 1), (30, 1), (30, 10), (20, 11), (27, 7), (30, 3), (30, 12), (31, 4), (21, 12), (23, 9), (34, 15), (27, 9), (30, 5), (33, 4), (30, 14), (25, 9), (32, 8), (31, 6), (34, 8), (27, 2), (28, 1), (27, 11), (32, 10)}",76,N/A,N/A
78,"(27, 14)","(27, 13)",North,"[(26, 14)]","[(33, 16), (29, 10), (29, 6), (31, 4), (26, 2), (19, 11), (19, 12)]","[(33, 16), (29, 10), (29, 6), (31, 4), (26, 2), (19, 11), (19, 12), (26, 14)]","{(34, 1), (34, 10), (27, 4), (27, 13), (30, 9), (32, 12), (21, 9), (34, 3), (34, 12), (27, 6), (32, 14), (34, 14), (22, 12), (27, 8), (30, 4), (30, 13), (33, 6), (24, 12), (26, 9), (25, 11), (31, 8), (34, 7), (27, 1), (34, 16), (30, 6), (33, 8), (26, 11), (31, 1), (31, 10), (20, 10), (33, 1), (33, 10), (31, 3), (34, 2), (31, 12), (34, 11), (22, 9), (20, 12), (32, 4), (33, 12), (24, 9), (34, 4), (31, 14), (32, 6), (33, 14), (24, 11), (29, 1), (34, 6), (23, 12), (27, 3), (27, 12), (30, 8), (20, 9), (27, 5), (32, 1), (30, 1), (27, 14), (30, 10), (20, 11), (27, 7), (30, 3), (30, 12), (31, 4), (21, 12), (23, 9), (34, 15), (27, 9), (30, 5), (33, 4), (30, 14), (25, 9), (32, 8), (31, 6), (34, 8), (27, 2), (28, 1), (27, 11), (32, 10)}",77,N/A,N/A
79,"(26, 14)","(27, 14)",West,"[(25, 14)]","[(33, 16), (29, 10), (29, 6), (31, 4), (26, 2), (19, 11), (19, 12)]","[(33, 16), (29, 10), (29, 6), (31, 4), (26, 2), (19, 11), (19, 12), (25, 14)]","{(34, 1), (34, 10), (27, 4), (27, 13), (30, 9), (32, 12), (26, 14), (21, 9), (34, 3), (34, 12), (27, 6), (32, 14), (34, 14), (22, 12), (27, 8), (30, 4), (30, 13), (33, 6), (24, 12), (26, 9), (25, 11), (31, 8), (34, 7), (27, 1), (34, 16), (30, 6), (33, 8), (26, 11), (31, 1), (31, 10), (20, 10), (33, 1), (33, 10), (31, 3), (34, 2), (31, 12), (34, 11), (22, 9), (20, 12), (32, 4), (33, 12), (24, 9), (34, 4), (31, 14), (32, 6), (33, 14), (24, 11), (29, 1), (34, 6), (23, 12), (27, 3), (27, 12), (30, 8), (20, 9), (27, 5), (32, 1), (30, 1), (27, 14), (30, 10), (20, 11), (27, 7), (30, 3), (30, 12), (31, 4), (21, 12), (23, 9), (34, 15), (27, 9), (30, 5), (33, 4), (30, 14), (25, 9), (32, 8), (31, 6), (34, 8), (27, 2), (28, 1), (27, 11), (32, 10)}",78,N/A,N/A
80,"(25, 14)","(26, 14)",West,"[(25, 15)]","[(33, 16), (29, 10), (29, 6), (31, 4), (26, 2), (19, 11), (19, 12)]","[(33, 16), (29, 10), (29, 6), (31, 4), (26, 2), (19, 11), (19, 12), (25, 15)]","{(34, 1), (34, 10), (27, 4), (27, 13), (30, 9), (32, 12), (26, 14), (21, 9), (34, 3), (34, 12), (27, 6), (32, 14), (34, 14), (22, 12), (27, 8), (30, 4), (30, 13), (33, 6), (24, 12), (26, 9), (25, 11), (31, 8), (34, 7), (27, 1), (34, 16), (30, 6), (33, 8), (26, 11), (31, 1), (31, 10), (20, 10), (33, 1), (33, 10), (31, 3), (34, 2), (31, 12), (34, 11), (22, 9), (20, 12), (32, 4), (33, 12), (24, 9), (34, 4), (31, 14), (32, 6), (33, 14), (24, 11), (29, 1), (34, 6), (23, 12), (27, 3), (27, 12), (30, 8), (20, 9), (27, 5), (32, 1), (30, 1), (27, 14), (30, 10), (25, 14), (20, 11), (27, 7), (30, 3), (30, 12), (31, 4), (21, 12), (23, 9), (34, 15), (27, 9), (30, 5), (33, 4), (30, 14), (25, 9), (32, 8), (31, 6), (34, 8), (27, 2), (28, 1), (27, 11), (32, 10)}",79,N/A,N/A
81,"(25, 15)","(25, 14)",North,"[(25, 16)]","[(33, 16), (29, 10), (29, 6), (31, 4), (26, 2), (19, 11), (19, 12)]","[(33, 16), (29, 10), (29, 6), (31, 4), (26, 2), (19, 11), (19, 12), (25, 16)]","{(34, 1), (34, 10), (27, 4), (27, 13), (30, 9), (32, 12), (26, 14), (21, 9), (34, 3), (34, 12), (27, 6), (32, 14), (34, 14), (22, 12), (27, 8), (30, 4), (30, 13), (33, 6), (24, 12), (26, 9), (25, 11), (31, 8), (34, 7), (27, 1), (34, 16), (30, 6), (33, 8), (26, 11), (31, 1), (31, 10), (20, 10), (33, 1), (33, 10), (25, 15), (31, 3), (34, 2), (31, 12), (34, 11), (22, 9), (20, 12), (32, 4), (33, 12), (24, 9), (34, 4), (31, 14), (32, 6), (33, 14), (24, 11), (29, 1), (34, 6), (23, 12), (27, 3), (27, 12), (30, 8), (20, 9), (27, 5), (32, 1), (30, 1), (27, 14), (30, 10), (25, 14), (20, 11), (27, 7), (30, 3), (30, 12), (31, 4), (21, 12), (23, 9), (34, 15), (27, 9), (30, 5), (33, 4), (30, 14), (25, 9), (32, 8), (31, 6), (34, 8), (27, 2), (28, 1), (27, 11), (32, 10)}",80,N/A,N/A
82,"(25, 16)","(25, 15)",North,"[(24, 16), (26, 16)]","[(33, 16), (29, 10), (29, 6), (31, 4), (26, 2), (19, 11), (19, 12)]","[(33, 16), (29, 10), (29, 6), (31, 4), (26, 2), (19, 11), (19, 12), (24, 16), (26, 16)]","{(34, 1), (34, 10), (27, 4), (27, 13), (30, 9), (32, 12), (26, 14), (21, 9), (34, 3), (34, 12), (27, 6), (32, 14), (34, 14), (22, 12), (27, 8), (30, 4), (30, 13), (33, 6), (24, 12), (26, 9), (25, 11), (31, 8), (34, 7), (27, 1), (34, 16), (30, 6), (33, 8), (26, 11), (31, 1), (31, 10), (20, 10), (33, 1), (33, 10), (25, 15), (31, 3), (34, 2), (31, 12), (34, 11), (22, 9), (20, 12), (32, 4), (33, 12), (24, 9), (34, 4), (31, 14), (32, 6), (33, 14), (24, 11), (29, 1), (34, 6), (23, 12), (27, 3), (27, 12), (30, 8), (20, 9), (27, 5), (32, 1), (30, 1), (27, 14), (30, 10), (25, 14), (20, 11), (27, 7), (30, 3), (30, 12), (25, 16), (31, 4), (21, 12), (23, 9), (34, 15), (27, 9), (30, 5), (33, 4), (30, 14), (25, 9), (32, 8), (31, 6), (34, 8), (27, 2), (28, 1), (27, 11), (32, 10)}",81,N/A,N/A
83,"(26, 16)","(25, 16)",East,"[(27, 16)]","[(33, 16), (29, 10), (29, 6), (31, 4), (26, 2), (19, 11), (19, 12), (24, 16)]","[(33, 16), (29, 10), (29, 6), (31, 4), (26, 2), (19, 11), (19, 12), (24, 16), (27, 16)]","{(34, 1), (34, 10), (27, 4), (27, 13), (30, 9), (32, 12), (26, 14), (21, 9), (34, 3), (34, 12), (27, 6), (32, 14), (26, 16), (34, 14), (22, 12), (27, 8), (30, 4), (30, 13), (33, 6), (24, 12), (26, 9), (25, 11), (31, 8), (34, 7), (27, 1), (34, 16), (30, 6), (33, 8), (26, 11), (31, 1), (31, 10), (20, 10), (33, 1), (33, 10), (25, 15), (31, 3), (34, 2), (31, 12), (34, 11), (22, 9), (20, 12), (32, 4), (33, 12), (24, 9), (34, 4), (31, 14), (32, 6), (33, 14), (24, 11), (29, 1), (34, 6), (23, 12), (27, 3), (27, 12), (30, 8), (20, 9), (27, 5), (32, 1), (30, 1), (27, 14), (30, 10), (25, 14), (20, 11), (27, 7), (30, 3), (30, 12), (25, 16), (31, 4), (21, 12), (23, 9), (34, 15), (27, 9), (30, 5), (33, 4), (30, 14), (25, 9), (32, 8), (31, 6), (34, 8), (27, 2), (28, 1), (27, 11), (32, 10)}",82,N/A,N/A
84,"(27, 16)","(26, 16)",East,"[(28, 16)]","[(33, 16), (29, 10), (29, 6), (31, 4), (26, 2), (19, 11), (19, 12), (24, 16)]","[(33, 16), (29, 10), (29, 6), (31, 4), (26, 2), (19, 11), (19, 12), (24, 16), (28, 16)]","{(34, 1), (34, 10), (27, 4), (27, 13), (30, 9), (32, 12), (26, 14), (21, 9), (34, 3), (34, 12), (27, 6), (32, 14), (26, 16), (34, 14), (22, 12), (27, 8), (30, 4), (30, 13), (33, 6), (24, 12), (26, 9), (25, 11), (31, 8), (34, 7), (27, 1), (34, 16), (30, 6), (33, 8), (26, 11), (31, 1), (31, 10), (20, 10), (33, 1), (33, 10), (25, 15), (31, 3), (34, 2), (31, 12), (34, 11), (22, 9), (20, 12), (32, 4), (33, 12), (24, 9), (34, 4), (31, 14), (32, 6), (33, 14), (24, 11), (29, 1), (34, 6), (23, 12), (27, 3), (27, 12), (30, 8), (20, 9), (27, 5), (32, 1), (30, 1), (27, 14), (30, 10), (25, 14), (20, 11), (27, 7), (30, 3), (27, 16), (30, 12), (25, 16), (31, 4), (21, 12), (23, 9), (34, 15), (27, 9), (30, 5), (33, 4), (30, 14), (25, 9), (32, 8), (31, 6), (34, 8), (27, 2), (28, 1), (27, 11), (32, 10)}",83,N/A,N/A
85,"(28, 16)","(27, 16)",East,"[(29, 16)]","[(33, 16), (29, 10), (29, 6), (31, 4), (26, 2), (19, 11), (19, 12), (24, 16)]","[(33, 16), (29, 10), (29, 6), (31, 4), (26, 2), (19, 11), (19, 12), (24, 16), (29, 16)]","{(34, 1), (34, 10), (27, 4), (27, 13), (30, 9), (32, 12), (26, 14), (21, 9), (34, 3), (34, 12), (27, 6), (32, 14), (26, 16), (34, 14), (22, 12), (27, 8), (30, 4), (28, 16), (30, 13), (33, 6), (24, 12), (26, 9), (25, 11), (31, 8), (34, 7), (27, 1), (34, 16), (30, 6), (33, 8), (26, 11), (31, 1), (31, 10), (20, 10), (33, 1), (33, 10), (25, 15), (31, 3), (34, 2), (31, 12), (34, 11), (22, 9), (20, 12), (32, 4), (33, 12), (24, 9), (34, 4), (31, 14), (32, 6), (33, 14), (24, 11), (29, 1), (34, 6), (23, 12), (27, 3), (27, 12), (30, 8), (20, 9), (27, 5), (32, 1), (30, 1), (27, 14), (30, 10), (25, 14), (20, 11), (27, 7), (30, 3), (27, 16), (30, 12), (25, 16), (31, 4), (21, 12), (23, 9), (34, 15), (27, 9), (30, 5), (33, 4), (30, 14), (25, 9), (32, 8), (31, 6), (34, 8), (27, 2), (28, 1), (27, 11), (32, 10)}",84,N/A,N/A
86,"(29, 16)","(28, 16)",East,"[(30, 16)]","[(33, 16), (29, 10), (29, 6), (31, 4), (26, 2), (19, 11), (19, 12), (24, 16)]","[(33, 16), (29, 10), (29, 6), (31, 4), (26, 2), (19, 11), (19, 12), (24, 16), (30, 16)]","{(34, 1), (34, 10), (27, 4), (27, 13), (30, 9), (32, 12), (26, 14), (21, 9), (34, 3), (34, 12), (27, 6), (32, 14), (26, 16), (34, 14), (22, 12), (27, 8), (30, 4), (28, 16), (30, 13), (33, 6), (24, 12), (26, 9), (25, 11), (31, 8), (34, 7), (27, 1), (34, 16), (30, 6), (33, 8), (26, 11), (31, 1), (31, 10), (20, 10), (33, 1), (33, 10), (25, 15), (31, 3), (34, 2), (31, 12), (34, 11), (22, 9), (20, 12), (32, 4), (33, 12), (24, 9), (34, 4), (31, 14), (32, 6), (33, 14), (24, 11), (29, 1), (34, 6), (23, 12), (27, 3), (27, 12), (30, 8), (20, 9), (27, 5), (32, 1), (30, 1), (27, 14), (30, 10), (25, 14), (20, 11), (27, 7), (30, 3), (27, 16), (30, 12), (25, 16), (31, 4), (29, 16), (21, 12), (23, 9), (34, 15), (27, 9), (30, 5), (33, 4), (30, 14), (25, 9), (32, 8), (31, 6), (34, 8), (27, 2), (28, 1), (27, 11), (32, 10)}",85,N/A,N/A
87,"(30, 16)","(29, 16)",East,"[(31, 16)]","[(33, 16), (29, 10), (29, 6), (31, 4), (26, 2), (19, 11), (19, 12), (24, 16)]","[(33, 16), (29, 10), (29, 6), (31, 4), (26, 2), (19, 11), (19, 12), (24, 16), (31, 16)]","{(34, 1), (34, 10), (27, 4), (27, 13), (30, 9), (32, 12), (26, 14), (21, 9), (34, 3), (34, 12), (27, 6), (32, 14), (26, 16), (34, 14), (22, 12), (27, 8), (30, 4), (28, 16), (30, 13), (33, 6), (24, 12), (26, 9), (25, 11), (31, 8), (34, 7), (27, 1), (34, 16), (30, 6), (33, 8), (26, 11), (31, 1), (31, 10), (20, 10), (33, 1), (33, 10), (25, 15), (31, 3), (34, 2), (31, 12), (34, 11), (22, 9), (20, 12), (32, 4), (33, 12), (24, 9), (34, 4), (31, 14), (32, 6), (33, 14), (24, 11), (29, 1), (34, 6), (23, 12), (27, 3), (27, 12), (30, 8), (20, 9), (27, 5), (32, 1), (30, 1), (27, 14), (30, 10), (25, 14), (20, 11), (27, 7), (30, 3), (27, 16), (30, 12), (25, 16), (31, 4), (29, 16), (21, 12), (23, 9), (34, 15), (27, 9), (30, 5), (33, 4), (30, 14), (25, 9), (32, 8), (31, 6), (34, 8), (27, 2), (28, 1), (27, 11), (30, 16), (32, 10)}",86,N/A,N/A
88,"(31, 16)","(30, 16)",East,"[(32, 16)]","[(33, 16), (29, 10), (29, 6), (31, 4), (26, 2), (19, 11), (19, 12), (24, 16)]","[(33, 16), (29, 10), (29, 6), (31, 4), (26, 2), (19, 11), (19, 12), (24, 16), (32, 16)]","{(34, 1), (34, 10), (27, 4), (27, 13), (30, 9), (32, 12), (26, 14), (21, 9), (34, 3), (34, 12), (27, 6), (32, 14), (26, 16), (34, 14), (22, 12), (27, 8), (30, 4), (28, 16), (30, 13), (33, 6), (24, 12), (26, 9), (25, 11), (31, 8), (34, 7), (27, 1), (34, 16), (30, 6), (33, 8), (26, 11), (31, 1), (31, 10), (20, 10), (33, 1), (33, 10), (25, 15), (31, 3), (34, 2), (31, 12), (34, 11), (22, 9), (20, 12), (32, 4), (33, 12), (24, 9), (34, 4), (31, 14), (32, 6), (33, 14), (24, 11), (29, 1), (34, 6), (31, 16), (23, 12), (27, 3), (27, 12), (30, 8), (20, 9), (27, 5), (32, 1), (30, 1), (27, 14), (30, 10), (25, 14), (20, 11), (27, 7), (30, 3), (27, 16), (30, 12), (25, 16), (31, 4), (29, 16), (21, 12), (23, 9), (34, 15), (27, 9), (30, 5), (33, 4), (30, 14), (25, 9), (32, 8), (31, 6), (34, 8), (27, 2), (28, 1), (27, 11), (30, 16), (32, 10)}",87,N/A,N/A
89,"(32, 16)","(31, 16)",East,"[(33, 16)]","[(33, 16), (29, 10), (29, 6), (31, 4), (26, 2), (19, 11), (19, 12), (24, 16)]","[(33, 16), (29, 10), (29, 6), (31, 4), (26, 2), (19, 11), (19, 12), (24, 16), (33, 16)]","{(34, 1), (34, 10), (27, 4), (27, 13), (30, 9), (32, 12), (26, 14), (21, 9), (34, 3), (34, 12), (27, 6), (32, 14), (26, 16), (34, 14), (22, 12), (27, 8), (30, 4), (28, 16), (30, 13), (33, 6), (32, 16), (24, 12), (26, 9), (25, 11), (31, 8), (34, 7), (27, 1), (34, 16), (30, 6), (33, 8), (26, 11), (31, 1), (31, 10), (20, 10), (33, 1), (33, 10), (25, 15), (31, 3), (34, 2), (31, 12), (34, 11), (22, 9), (20, 12), (32, 4), (33, 12), (24, 9), (34, 4), (31, 14), (32, 6), (33, 14), (24, 11), (29, 1), (34, 6), (31, 16), (23, 12), (27, 3), (27, 12), (30, 8), (20, 9), (27, 5), (32, 1), (30, 1), (27, 14), (30, 10), (25, 14), (20, 11), (27, 7), (30, 3), (27, 16), (30, 12), (25, 16), (31, 4), (29, 16), (21, 12), (23, 9), (34, 15), (27, 9), (30, 5), (33, 4), (30, 14), (25, 9), (32, 8), (31, 6), (34, 8), (27, 2), (28, 1), (27, 11), (30, 16), (32, 10)}",88,N/A,N/A
90,"(33, 16)","(34, 16)",West,[],"[(33, 16), (29, 10), (29, 6), (31, 4), (26, 2), (19, 11), (19, 12), (24, 16)]","[(33, 16), (29, 10), (29, 6), (31, 4), (26, 2), (19, 11), (19, 12), (24, 16)]","{(34, 1), (34, 10), (27, 4), (27, 13), (30, 9), (32, 12), (26, 14), (21, 9), (34, 3), (34, 12), (27, 6), (32, 14), (26, 16), (34, 14), (22, 12), (27, 8), (30, 4), (28, 16), (30, 13), (33, 6), (32, 16), (24, 12), (26, 9), (25, 11), (31, 8), (34, 7), (27, 1), (34, 16), (30, 6), (33, 8), (26, 11), (31, 1), (31, 10), (20, 10), (33, 1), (33, 10), (25, 15), (31, 3), (34, 2), (31, 12), (34, 11), (22, 9), (20, 12), (32, 4), (33, 12), (24, 9), (34, 4), (31, 14), (32, 6), (33, 14), (24, 11), (29, 1), (34, 6), (31, 16), (23, 12), (27, 3), (27, 12), (30, 8), (33, 16), (20, 9), (27, 5), (32, 1), (30, 1), (27, 14), (30, 10), (25, 14), (20, 11), (27, 7), (30, 3), (27, 16), (30, 12), (25, 16), (31, 4), (29, 16), (21, 12), (23, 9), (34, 15), (27, 9), (30, 5), (33, 4), (30, 14), (25, 9), (32, 8), (31, 6), (34, 8), (27, 2), (28, 1), (27, 11), (30, 16), (32, 10)}",89,N/A,N/A
91,"(24, 16)","(25, 16)",West,"[(23, 16)]","[(33, 16), (29, 10), (29, 6), (31, 4), (26, 2), (19, 11), (19, 12)]","[(33, 16), (29, 10), (29, 6), (31, 4), (26, 2), (19, 11), (19, 12), (23, 16)]","{(34, 1), (34, 10), (27, 4), (27, 13), (30, 9), (32, 12), (26, 14), (21, 9), (34, 3), (34, 12), (27, 6), (32, 14), (26, 16), (34, 14), (22, 12), (27, 8), (30, 4), (28, 16), (30, 13), (33, 6), (32, 16), (24, 12), (26, 9), (25, 11), (31, 8), (34, 7), (27, 1), (34, 16), (30, 6), (33, 8), (26, 11), (31, 1), (31, 10), (20, 10), (33, 1), (33, 10), (24, 16), (25, 15), (31, 3), (34, 2), (31, 12), (34, 11), (22, 9), (20, 12), (32, 4), (33, 12), (24, 9), (34, 4), (31, 14), (32, 6), (33, 14), (24, 11), (29, 1), (34, 6), (31, 16), (23, 12), (27, 3), (27, 12), (30, 8), (33, 16), (20, 9), (27, 5), (32, 1), (30, 1), (27, 14), (30, 10), (25, 14), (20, 11), (27, 7), (30, 3), (27, 16), (30, 12), (25, 16), (31, 4), (29, 16), (21, 12), (23, 9), (34, 15), (27, 9), (30, 5), (33, 4), (30, 14), (25, 9), (32, 8), (31, 6), (34, 8), (27, 2), (28, 1), (27, 11), (30, 16), (32, 10)}",82,N/A,N/A
92,"(23, 16)","(24, 16)",West,"[(22, 16)]","[(33, 16), (29, 10), (29, 6), (31, 4), (26, 2), (19, 11), (19, 12)]","[(33, 16), (29, 10), (29, 6), (31, 4), (26, 2), (19, 11), (19, 12), (22, 16)]","{(34, 1), (34, 10), (27, 4), (27, 13), (30, 9), (32, 12), (26, 14), (21, 9), (34, 3), (34, 12), (27, 6), (32, 14), (26, 16), (34, 14), (22, 12), (27, 8), (30, 4), (28, 16), (30, 13), (33, 6), (32, 16), (24, 12), (26, 9), (25, 11), (31, 8), (34, 7), (27, 1), (34, 16), (30, 6), (33, 8), (26, 11), (31, 1), (31, 10), (20, 10), (33, 1), (33, 10), (24, 16), (25, 15), (31, 3), (34, 2), (31, 12), (34, 11), (22, 9), (20, 12), (32, 4), (33, 12), (24, 9), (34, 4), (31, 14), (32, 6), (33, 14), (24, 11), (29, 1), (34, 6), (31, 16), (23, 12), (27, 3), (27, 12), (30, 8), (33, 16), (20, 9), (27, 5), (32, 1), (30, 1), (27, 14), (30, 10), (25, 14), (20, 11), (23, 16), (27, 7), (30, 3), (27, 16), (30, 12), (25, 16), (31, 4), (29, 16), (21, 12), (23, 9), (34, 15), (27, 9), (30, 5), (33, 4), (30, 14), (25, 9), (32, 8), (31, 6), (34, 8), (27, 2), (28, 1), (27, 11), (30, 16), (32, 10)}",83,N/A,N/A
93,"(22, 16)","(23, 16)",West,"[(21, 16)]","[(33, 16), (29, 10), (29, 6), (31, 4), (26, 2), (19, 11), (19, 12)]","[(33, 16), (29, 10), (29, 6), (31, 4), (26, 2), (19, 11), (19, 12), (21, 16)]","{(34, 1), (34, 10), (27, 4), (27, 13), (30, 9), (32, 12), (26, 14), (21, 9), (34, 3), (34, 12), (27, 6), (32, 14), (26, 16), (34, 14), (22, 12), (27, 8), (30, 4), (28, 16), (30, 13), (33, 6), (32, 16), (24, 12), (26, 9), (25, 11), (31, 8), (34, 7), (27, 1), (34, 16), (30, 6), (33, 8), (26, 11), (31, 1), (31, 10), (20, 10), (22, 16), (33, 1), (33, 10), (24, 16), (25, 15), (31, 3), (34, 2), (31, 12), (34, 11), (22, 9), (20, 12), (32, 4), (33, 12), (24, 9), (34, 4), (31, 14), (32, 6), (33, 14), (24, 11), (29, 1), (34, 6), (31, 16), (23, 12), (27, 3), (27, 12), (30, 8), (33, 16), (20, 9), (27, 5), (32, 1), (30, 1), (27, 14), (30, 10), (25, 14), (20, 11), (23, 16), (27, 7), (30, 3), (27, 16), (30, 12), (25, 16), (31, 4), (29, 16), (21, 12), (23, 9), (34, 15), (27, 9), (30, 5), (33, 4), (30, 14), (25, 9), (32, 8), (31, 6), (34, 8), (27, 2), (28, 1), (27, 11), (30, 16), (32, 10)}",84,N/A,N/A
94,"(21, 16)","(22, 16)",West,"[(20, 16)]","[(33, 16), (29, 10), (29, 6), (31, 4), (26, 2), (19, 11), (19, 12)]","[(33, 16), (29, 10), (29, 6), (31, 4), (26, 2), (19, 11), (19, 12), (20, 16)]","{(34, 1), (21, 16), (34, 10), (27, 4), (27, 13), (30, 9), (32, 12), (26, 14), (21, 9), (34, 3), (34, 12), (27, 6), (32, 14), (26, 16), (34, 14), (22, 12), (27, 8), (30, 4), (28, 16), (30, 13), (33, 6), (32, 16), (24, 12), (26, 9), (25, 11), (31, 8), (34, 7), (27, 1), (34, 16), (30, 6), (33, 8), (26, 11), (31, 1), (31, 10), (20, 10), (22, 16), (33, 1), (33, 10), (24, 16), (25, 15), (31, 3), (34, 2), (31, 12), (34, 11), (22, 9), (20, 12), (32, 4), (33, 12), (24, 9), (34, 4), (31, 14), (32, 6), (33, 14), (24, 11), (29, 1), (34, 6), (31, 16), (23, 12), (27, 3), (27, 12), (30, 8), (33, 16), (20, 9), (27, 5), (32, 1), (30, 1), (27, 14), (30, 10), (25, 14), (20, 11), (23, 16), (27, 7), (30, 3), (27, 16), (30, 12), (25, 16), (31, 4), (29, 16), (21, 12), (23, 9), (34, 15), (27, 9), (30, 5), (33, 4), (30, 14), (25, 9), (32, 8), (31, 6), (34, 8), (27, 2), (28, 1), (27, 11), (30, 16), (32, 10)}",85,N/A,N/A
95,"(20, 16)","(21, 16)",West,"[(19, 16)]","[(33, 16), (29, 10), (29, 6), (31, 4), (26, 2), (19, 11), (19, 12)]","[(33, 16), (29, 10), (29, 6), (31, 4), (26, 2), (19, 11), (19, 12), (19, 16)]","{(34, 1), (21, 16), (34, 10), (27, 4), (27, 13), (30, 9), (32, 12), (26, 14), (21, 9), (34, 3), (34, 12), (27, 6), (32, 14), (26, 16), (34, 14), (22, 12), (27, 8), (30, 4), (28, 16), (30, 13), (33, 6), (32, 16), (24, 12), (26, 9), (25, 11), (31, 8), (34, 7), (27, 1), (34, 16), (30, 6), (33, 8), (26, 11), (31, 1), (31, 10), (20, 10), (22, 16), (33, 1), (33, 10), (24, 16), (25, 15), (31, 3), (34, 2), (31, 12), (34, 11), (22, 9), (20, 12), (32, 4), (33, 12), (24, 9), (34, 4), (31, 14), (32, 6), (33, 14), (24, 11), (29, 1), (34, 6), (31, 16), (20, 16), (23, 12), (27, 3), (27, 12), (30, 8), (33, 16), (20, 9), (27, 5), (32, 1), (30, 1), (27, 14), (30, 10), (25, 14), (20, 11), (23, 16), (27, 7), (30, 3), (27, 16), (30, 12), (25, 16), (31, 4), (29, 16), (21, 12), (23, 9), (34, 15), (27, 9), (30, 5), (33, 4), (30, 14), (25, 9), (32, 8), (31, 6), (34, 8), (27, 2), (28, 1), (27, 11), (30, 16), (32, 10)}",86,N/A,N/A
96,"(19, 16)","(20, 16)",West,"[(18, 16)]","[(33, 16), (29, 10), (29, 6), (31, 4), (26, 2), (19, 11), (19, 12)]","[(33, 16), (29, 10), (29, 6), (31, 4), (26, 2), (19, 11), (19, 12), (18, 16)]","{(34, 1), (21, 16), (34, 10), (27, 4), (27, 13), (30, 9), (32, 12), (26, 14), (21, 9), (34, 3), (34, 12), (27, 6), (32, 14), (26, 16), (34, 14), (22, 12), (27, 8), (30, 4), (28, 16), (30, 13), (33, 6), (32, 16), (24, 12), (26, 9), (25, 11), (31, 8), (34, 7), (27, 1), (34, 16), (30, 6), (33, 8), (26, 11), (31, 1), (31, 10), (20, 10), (22, 16), (33, 1), (33, 10), (24, 16), (25, 15), (31, 3), (34, 2), (31, 12), (34, 11), (22, 9), (20, 12), (32, 4), (33, 12), (24, 9), (34, 4), (31, 14), (32, 6), (33, 14), (24, 11), (29, 1), (34, 6), (31, 16), (20, 16), (23, 12), (27, 3), (27, 12), (30, 8), (33, 16), (20, 9), (27, 5), (32, 1), (30, 1), (27, 14), (30, 10), (25, 14), (20, 11), (23, 16), (27, 7), (30, 3), (27, 16), (30, 12), (25, 16), (31, 4), (29, 16), (21, 12), (23, 9), (34, 15), (27, 9), (30, 5), (33, 4), (30, 14), (25, 9), (32, 8), (31, 6), (34, 8), (27, 2), (28, 1), (27, 11), (30, 16), (19, 16), (32, 10)}",87,N/A,N/A
97,"(18, 16)","(19, 16)",West,"[(17, 16)]","[(33, 16), (29, 10), (29, 6), (31, 4), (26, 2), (19, 11), (19, 12)]","[(33, 16), (29, 10), (29, 6), (31, 4), (26, 2), (19, 11), (19, 12), (17, 16)]","{(34, 1), (21, 16), (34, 10), (27, 4), (27, 13), (30, 9), (32, 12), (26, 14), (21, 9), (34, 3), (34, 12), (27, 6), (32, 14), (26, 16), (34, 14), (22, 12), (27, 8), (30, 4), (28, 16), (30, 13), (33, 6), (32, 16), (24, 12), (26, 9), (25, 11), (31, 8), (34, 7), (27, 1), (34, 16), (30, 6), (33, 8), (26, 11), (31, 1), (18, 16), (31, 10), (20, 10), (22, 16), (33, 1), (33, 10), (24, 16), (25, 15), (31, 3), (34, 2), (31, 12), (34, 11), (22, 9), (20, 12), (32, 4), (33, 12), (24, 9), (34, 4), (31, 14), (32, 6), (33, 14), (24, 11), (29, 1), (34, 6), (31, 16), (20, 16), (23, 12), (27, 3), (27, 12), (30, 8), (33, 16), (20, 9), (27, 5), (32, 1), (30, 1), (27, 14), (30, 10), (25, 14), (20, 11), (23, 16), (27, 7), (30, 3), (27, 16), (30, 12), (25, 16), (31, 4), (29, 16), (21, 12), (23, 9), (34, 15), (27, 9), (30, 5), (33, 4), (30, 14), (25, 9), (32, 8), (31, 6), (34, 8), (27, 2), (28, 1), (27, 11), (30, 16), (19, 16), (32, 10)}",88,N/A,N/A
98,"(17, 16)","(18, 16)",West,"[(16, 16)]","[(33, 16), (29, 10), (29, 6), (31, 4), (26, 2), (19, 11), (19, 12)]","[(33, 16), (29, 10), (29, 6), (31, 4), (26, 2), (19, 11), (19, 12), (16, 16)]","{(34, 1), (21, 16), (34, 10), (27, 4), (27, 13), (30, 9), (32, 12), (26, 14), (21, 9), (34, 3), (34, 12), (27, 6), (32, 14), (26, 16), (34, 14), (22, 12), (27, 8), (30, 4), (28, 16), (30, 13), (17, 16), (33, 6), (32, 16), (24, 12), (26, 9), (25, 11), (31, 8), (34, 7), (27, 1), (34, 16), (30, 6), (33, 8), (26, 11), (31, 1), (18, 16), (31, 10), (20, 10), (22, 16), (33, 1), (33, 10), (24, 16), (25, 15), (31, 3), (34, 2), (31, 12), (34, 11), (22, 9), (20, 12), (32, 4), (33, 12), (24, 9), (34, 4), (31, 14), (32, 6), (33, 14), (24, 11), (29, 1), (34, 6), (31, 16), (20, 16), (23, 12), (27, 3), (27, 12), (30, 8), (33, 16), (20, 9), (27, 5), (32, 1), (30, 1), (27, 14), (30, 10), (25, 14), (20, 11), (23, 16), (27, 7), (30, 3), (27, 16), (30, 12), (25, 16), (31, 4), (29, 16), (21, 12), (23, 9), (34, 15), (27, 9), (30, 5), (33, 4), (30, 14), (25, 9), (32, 8), (31, 6), (34, 8), (27, 2), (28, 1), (27, 11), (30, 16), (19, 16), (32, 10)}",89,N/A,N/A
99,"(16, 16)","(17, 16)",West,"[(15, 16)]","[(33, 16), (29, 10), (29, 6), (31, 4), (26, 2), (19, 11), (19, 12)]","[(33, 16), (29, 10), (29, 6), (31, 4), (26, 2), (19, 11), (19, 12), (15, 16)]","{(34, 1), (21, 16), (34, 10), (27, 4), (27, 13), (30, 9), (32, 12), (26, 14), (21, 9), (34, 3), (34, 12), (27, 6), (32, 14), (26, 16), (34, 14), (22, 12), (27, 8), (30, 4), (28, 16), (30, 13), (17, 16), (33, 6), (32, 16), (24, 12), (26, 9), (25, 11), (31, 8), (34, 7), (27, 1), (34, 16), (30, 6), (33, 8), (26, 11), (31, 1), (18, 16), (31, 10), (20, 10), (22, 16), (33, 1), (33, 10), (24, 16), (25, 15), (31, 3), (34, 2), (31, 12), (34, 11), (22, 9), (20, 12), (32, 4), (33, 12), (24, 9), (34, 4), (31, 14), (32, 6), (33, 14), (24, 11), (29, 1), (16, 16), (34, 6), (31, 16), (20, 16), (23, 12), (27, 3), (27, 12), (30, 8), (33, 16), (20, 9), (27, 5), (32, 1), (30, 1), (27, 14), (30, 10), (25, 14), (20, 11), (23, 16), (27, 7), (30, 3), (27, 16), (30, 12), (25, 16), (31, 4), (29, 16), (21, 12), (23, 9), (34, 15), (27, 9), (30, 5), (33, 4), (30, 14), (25, 9), (32, 8), (31, 6), (34, 8), (27, 2), (28, 1), (27, 11), (30, 16), (19, 16), (32, 10)}",90,N/A,N/A
100,"(15, 16)","(16, 16)",West,"[(14, 16)]","[(33, 16), (29, 10), (29, 6), (31, 4), (26, 2), (19, 11), (19, 12)]","[(33, 16), (29, 10), (29, 6), (31, 4), (26, 2), (19, 11), (19, 12), (14, 16)]","{(34, 1), (21, 16), (34, 10), (27, 4), (27, 13), (30, 9), (32, 12), (26, 14), (21, 9), (34, 3), (34, 12), (27, 6), (32, 14), (26, 16), (15, 16), (34, 14), (22, 12), (27, 8), (30, 4), (28, 16), (30, 13), (17, 16), (33, 6), (32, 16), (24, 12), (26, 9), (25, 11), (31, 8), (34, 7), (27, 1), (34, 16), (30, 6), (33, 8), (26, 11), (31, 1), (18, 16), (31, 10), (20, 10), (22, 16), (33, 1), (33, 10), (24, 16), (25, 15), (31, 3), (34, 2), (31, 12), (34, 11), (22, 9), (20, 12), (32, 4), (33, 12), (24, 9), (34, 4), (31, 14), (32, 6), (33, 14), (24, 11), (29, 1), (16, 16), (34, 6), (31, 16), (20, 16), (23, 12), (27, 3), (27, 12), (30, 8), (33, 16), (20, 9), (27, 5), (32, 1), (30, 1), (27, 14), (30, 10), (25, 14), (20, 11), (23, 16), (27, 7), (30, 3), (27, 16), (30, 12), (25, 16), (31, 4), (29, 16), (21, 12), (23, 9), (34, 15), (27, 9), (30, 5), (33, 4), (30, 14), (25, 9), (32, 8), (31, 6), (34, 8), (27, 2), (28, 1), (27, 11), (30, 16), (19, 16), (32, 10)}",91,N/A,N/A
101,"(14, 16)","(15, 16)",West,"[(13, 16)]","[(33, 16), (29, 10), (29, 6), (31, 4), (26, 2), (19, 11), (19, 12)]","[(33, 16), (29, 10), (29, 6), (31, 4), (26, 2), (19, 11), (19, 12), (13, 16)]","{(34, 1), (21, 16), (34, 10), (27, 4), (27, 13), (30, 9), (32, 12), (26, 14), (21, 9), (34, 3), (34, 12), (27, 6), (32, 14), (26, 16), (15, 16), (34, 14), (22, 12), (27, 8), (30, 4), (28, 16), (30, 13), (17, 16), (33, 6), (32, 16), (24, 12), (26, 9), (25, 11), (31, 8), (34, 7), (27, 1), (34, 16), (30, 6), (33, 8), (26, 11), (31, 1), (18, 16), (31, 10), (20, 10), (22, 16), (33, 1), (33, 10), (24, 16), (25, 15), (31, 3), (34, 2), (31, 12), (34, 11), (22, 9), (20, 12), (32, 4), (33, 12), (24, 9), (34, 4), (31, 14), (14, 16), (32, 6), (33, 14), (24, 11), (29, 1), (16, 16), (34, 6), (31, 16), (20, 16), (23, 12), (27, 3), (27, 12), (30, 8), (33, 16), (20, 9), (27, 5), (32, 1), (30, 1), (27, 14), (30, 10), (25, 14), (20, 11), (23, 16), (27, 7), (30, 3), (27, 16), (30, 12), (25, 16), (31, 4), (29, 16), (21, 12), (23, 9), (34, 15), (27, 9), (30, 5), (33, 4), (30, 14), (25, 9), (32, 8), (31, 6), (34, 8), (27, 2), (28, 1), (27, 11), (30, 16), (19, 16), (32, 10)}",92,N/A,N/A
102,"(13, 16)","(14, 16)",West,"[(12, 16)]","[(33, 16), (29, 10), (29, 6), (31, 4), (26, 2), (19, 11), (19, 12)]","[(33, 16), (29, 10), (29, 6), (31, 4), (26, 2), (19, 11), (19, 12), (12, 16)]","{(34, 1), (21, 16), (34, 10), (27, 4), (27, 13), (30, 9), (32, 12), (26, 14), (21, 9), (34, 3), (34, 12), (27, 6), (32, 14), (26, 16), (15, 16), (34, 14), (22, 12), (27, 8), (30, 4), (28, 16), (30, 13), (17, 16), (33, 6), (32, 16), (24, 12), (26, 9), (25, 11), (31, 8), (34, 7), (27, 1), (34, 16), (30, 6), (33, 8), (26, 11), (31, 1), (18, 16), (31, 10), (20, 10), (22, 16), (33, 1), (33, 10), (24, 16), (13, 16), (25, 15), (31, 3), (34, 2), (31, 12), (34, 11), (22, 9), (20, 12), (32, 4), (33, 12), (24, 9), (34, 4), (31, 14), (14, 16), (32, 6), (33, 14), (24, 11), (29, 1), (16, 16), (34, 6), (31, 16), (20, 16), (23, 12), (27, 3), (27, 12), (30, 8), (33, 16), (20, 9), (27, 5), (32, 1), (30, 1), (27, 14), (30, 10), (25, 14), (20, 11), (23, 16), (27, 7), (30, 3), (27, 16), (30, 12), (25, 16), (31, 4), (29, 16), (21, 12), (23, 9), (34, 15), (27, 9), (30, 5), (33, 4), (30, 14), (25, 9), (32, 8), (31, 6), (34, 8), (27, 2), (28, 1), (27, 11), (30, 16), (19, 16), (32, 10)}",93,N/A,N/A
103,"(12, 16)","(13, 16)",West,"[(11, 16)]","[(33, 16), (29, 10), (29, 6), (31, 4), (26, 2), (19, 11), (19, 12)]","[(33, 16), (29, 10), (29, 6), (31, 4), (26, 2), (19, 11), (19, 12), (11, 16)]","{(34, 1), (21, 16), (34, 10), (27, 4), (27, 13), (30, 9), (32, 12), (26, 14), (21, 9), (34, 3), (34, 12), (27, 6), (32, 14), (26, 16), (15, 16), (34, 14), (22, 12), (27, 8), (30, 4), (28, 16), (30, 13), (17, 16), (33, 6), (32, 16), (24, 12), (26, 9), (25, 11), (31, 8), (34, 7), (27, 1), (34, 16), (30, 6), (33, 8), (26, 11), (31, 1), (18, 16), (31, 10), (20, 10), (22, 16), (33, 1), (33, 10), (24, 16), (13, 16), (25, 15), (31, 3), (34, 2), (31, 12), (34, 11), (22, 9), (20, 12), (32, 4), (33, 12), (24, 9), (34, 4), (31, 14), (14, 16), (32, 6), (33, 14), (24, 11), (29, 1), (16, 16), (34, 6), (31, 16), (20, 16), (23, 12), (27, 3), (27, 12), (30, 8), (33, 16), (20, 9), (27, 5), (32, 1), (30, 1), (27, 14), (30, 10), (25, 14), (20, 11), (23, 16), (12, 16), (27, 7), (30, 3), (27, 16), (30, 12), (25, 16), (31, 4), (29, 16), (21, 12), (23, 9), (34, 15), (27, 9), (30, 5), (33, 4), (30, 14), (25, 9), (32, 8), (31, 6), (34, 8), (27, 2), (28, 1), (27, 11), (30, 16), (19, 16), (32, 10)}",94,N/A,N/A
104,"(11, 16)","(12, 16)",West,"[(10, 16)]","[(33, 16), (29, 10), (29, 6), (31, 4), (26, 2), (19, 11), (19, 12)]","[(33, 16), (29, 10), (29, 6), (31, 4), (26, 2), (19, 11), (19, 12), (10, 16)]","{(34, 1), (21, 16), (34, 10), (27, 4), (27, 13), (30, 9), (32, 12), (26, 14), (21, 9), (34, 3), (34, 12), (27, 6), (11, 16), (32, 14), (26, 16), (15, 16), (34, 14), (22, 12), (27, 8), (30, 4), (28, 16), (30, 13), (17, 16), (33, 6), (32, 16), (24, 12), (26, 9), (25, 11), (31, 8), (34, 7), (27, 1), (34, 16), (30, 6), (33, 8), (26, 11), (31, 1), (18, 16), (31, 10), (20, 10), (22, 16), (33, 1), (33, 10), (24, 16), (13, 16), (25, 15), (31, 3), (34, 2), (31, 12), (34, 11), (22, 9), (20, 12), (32, 4), (33, 12), (24, 9), (34, 4), (31, 14), (14, 16), (32, 6), (33, 14), (24, 11), (29, 1), (16, 16), (34, 6), (31, 16), (20, 16), (23, 12), (27, 3), (27, 12), (30, 8), (33, 16), (20, 9), (27, 5), (32, 1), (30, 1), (27, 14), (30, 10), (25, 14), (20, 11), (23, 16), (12, 16), (27, 7), (30, 3), (27, 16), (30, 12), (25, 16), (31, 4), (29, 16), (21, 12), (23, 9), (34, 15), (27, 9), (30, 5), (33, 4), (30, 14), (25, 9), (32, 8), (31, 6), (34, 8), (27, 2), (28, 1), (27, 11), (30, 16), (19, 16), (32, 10)}",95,N/A,N/A
105,"(10, 16)","(11, 16)",West,"[(9, 16)]","[(33, 16), (29, 10), (29, 6), (31, 4), (26, 2), (19, 11), (19, 12)]","[(33, 16), (29, 10), (29, 6), (31, 4), (26, 2), (19, 11), (19, 12), (9, 16)]","{(34, 1), (21, 16), (34, 10), (27, 4), (27, 13), (30, 9), (32, 12), (26, 14), (21, 9), (34, 3), (34, 12), (27, 6), (11, 16), (32, 14), (26, 16), (15, 16), (34, 14), (22, 12), (27, 8), (30, 4), (28, 16), (30, 13), (17, 16), (33, 6), (32, 16), (24, 12), (26, 9), (25, 11), (31, 8), (34, 7), (27, 1), (34, 16), (30, 6), (33, 8), (26, 11), (31, 1), (18, 16), (31, 10), (20, 10), (22, 16), (33, 1), (33, 10), (24, 16), (13, 16), (25, 15), (31, 3), (34, 2), (31, 12), (34, 11), (22, 9), (20, 12), (32, 4), (33, 12), (24, 9), (34, 4), (31, 14), (14, 16), (32, 6), (33, 14), (24, 11), (29, 1), (16, 16), (34, 6), (31, 16), (20, 16), (23, 12), (27, 3), (27, 12), (30, 8), (33, 16), (20, 9), (27, 5), (32, 1), (30, 1), (27, 14), (30, 10), (10, 16), (25, 14), (20, 11), (23, 16), (12, 16), (27, 7), (30, 3), (27, 16), (30, 12), (25, 16), (31, 4), (29, 16), (21, 12), (23, 9), (34, 15), (27, 9), (30, 5), (33, 4), (30, 14), (25, 9), (32, 8), (31, 6), (34, 8), (27, 2), (28, 1), (27, 11), (30, 16), (19, 16), (32, 10)}",96,N/A,N/A
106,"(9, 16)","(10, 16)",West,"[(8, 16)]","[(33, 16), (29, 10), (29, 6), (31, 4), (26, 2), (19, 11), (19, 12)]","[(33, 16), (29, 10), (29, 6), (31, 4), (26, 2), (19, 11), (19, 12), (8, 16)]","{(34, 1), (21, 16), (34, 10), (27, 4), (27, 13), (30, 9), (32, 12), (26, 14), (21, 9), (34, 3), (34, 12), (27, 6), (11, 16), (32, 14), (26, 16), (15, 16), (34, 14), (22, 12), (27, 8), (30, 4), (28, 16), (30, 13), (17, 16), (33, 6), (32, 16), (24, 12), (26, 9), (25, 11), (31, 8), (34, 7), (27, 1), (34, 16), (30, 6), (33, 8), (26, 11), (31, 1), (18, 16), (31, 10), (20, 10), (22, 16), (33, 1), (9, 16), (33, 10), (24, 16), (13, 16), (25, 15), (31, 3), (34, 2), (31, 12), (34, 11), (22, 9), (20, 12), (32, 4), (33, 12), (24, 9), (34, 4), (31, 14), (14, 16), (32, 6), (33, 14), (24, 11), (29, 1), (16, 16), (34, 6), (31, 16), (20, 16), (23, 12), (27, 3), (27, 12), (30, 8), (33, 16), (20, 9), (27, 5), (32, 1), (30, 1), (27, 14), (30, 10), (10, 16), (25, 14), (20, 11), (23, 16), (12, 16), (27, 7), (30, 3), (27, 16), (30, 12), (25, 16), (31, 4), (29, 16), (21, 12), (23, 9), (34, 15), (27, 9), (30, 5), (33, 4), (30, 14), (25, 9), (32, 8), (31, 6), (34, 8), (27, 2), (28, 1), (27, 11), (30, 16), (19, 16), (32, 10)}",97,N/A,N/A
107,"(8, 16)","(9, 16)",West,"[(7, 16)]","[(33, 16), (29, 10), (29, 6), (31, 4), (26, 2), (19, 11), (19, 12)]","[(33, 16), (29, 10), (29, 6), (31, 4), (26, 2), (19, 11), (19, 12), (7, 16)]","{(34, 1), (21, 16), (34, 10), (27, 4), (27, 13), (30, 9), (32, 12), (26, 14), (21, 9), (34, 3), (34, 12), (27, 6), (11, 16), (32, 14), (26, 16), (15, 16), (34, 14), (22, 12), (27, 8), (30, 4), (28, 16), (30, 13), (17, 16), (33, 6), (32, 16), (24, 12), (26, 9), (25, 11), (31, 8), (34, 7), (27, 1), (34, 16), (30, 6), (33, 8), (26, 11), (31, 1), (18, 16), (31, 10), (20, 10), (22, 16), (33, 1), (9, 16), (33, 10), (24, 16), (13, 16), (25, 15), (31, 3), (34, 2), (31, 12), (34, 11), (22, 9), (20, 12), (32, 4), (33, 12), (24, 9), (34, 4), (31, 14), (14, 16), (32, 6), (33, 14), (24, 11), (29, 1), (16, 16), (34, 6), (31, 16), (20, 16), (23, 12), (27, 3), (27, 12), (30, 8), (33, 16), (20, 9), (27, 5), (32, 1), (30, 1), (27, 14), (30, 10), (10, 16), (25, 14), (20, 11), (23, 16), (12, 16), (27, 7), (30, 3), (27, 16), (30, 12), (25, 16), (31, 4), (29, 16), (21, 12), (23, 9), (34, 15), (27, 9), (30, 5), (33, 4), (30, 14), (25, 9), (32, 8), (31, 6), (34, 8), (27, 2), (28, 1), (27, 11), (30, 16), (19, 16), (8, 16), (32, 10)}",98,N/A,N/A
108,"(7, 16)","(8, 16)",West,"[(6, 16)]","[(33, 16), (29, 10), (29, 6), (31, 4), (26, 2), (19, 11), (19, 12)]","[(33, 16), (29, 10), (29, 6), (31, 4), (26, 2), (19, 11), (19, 12), (6, 16)]","{(34, 1), (21, 16), (34, 10), (27, 4), (27, 13), (30, 9), (32, 12), (26, 14), (21, 9), (34, 3), (34, 12), (27, 6), (11, 16), (32, 14), (26, 16), (15, 16), (34, 14), (22, 12), (27, 8), (30, 4), (28, 16), (30, 13), (17, 16), (33, 6), (32, 16), (24, 12), (26, 9), (25, 11), (31, 8), (34, 7), (27, 1), (34, 16), (30, 6), (33, 8), (26, 11), (31, 1), (18, 16), (7, 16), (31, 10), (20, 10), (22, 16), (33, 1), (9, 16), (33, 10), (24, 16), (13, 16), (25, 15), (31, 3), (34, 2), (31, 12), (34, 11), (22, 9), (20, 12), (32, 4), (33, 12), (24, 9), (34, 4), (31, 14), (14, 16), (32, 6), (33, 14), (24, 11), (29, 1), (16, 16), (34, 6), (31, 16), (20, 16), (23, 12), (27, 3), (27, 12), (30, 8), (33, 16), (20, 9), (27, 5), (32, 1), (30, 1), (27, 14), (30, 10), (10, 16), (25, 14), (20, 11), (23, 16), (12, 16), (27, 7), (30, 3), (27, 16), (30, 12), (25, 16), (31, 4), (29, 16), (21, 12), (23, 9), (34, 15), (27, 9), (30, 5), (33, 4), (30, 14), (25, 9), (32, 8), (31, 6), (34, 8), (27, 2), (28, 1), (27, 11), (30, 16), (19, 16), (8, 16), (32, 10)}",99,N/A,N/A
109,"(6, 16)","(7, 16)",West,"[(5, 16)]","[(33, 16), (29, 10), (29, 6), (31, 4), (26, 2), (19, 11), (19, 12)]","[(33, 16), (29, 10), (29, 6), (31, 4), (26, 2), (19, 11), (19, 12), (5, 16)]","{(34, 1), (21, 16), (34, 10), (27, 4), (27, 13), (30, 9), (32, 12), (26, 14), (21, 9), (34, 3), (34, 12), (27, 6), (11, 16), (32, 14), (26, 16), (15, 16), (34, 14), (22, 12), (27, 8), (30, 4), (28, 16), (30, 13), (17, 16), (33, 6), (32, 16), (24, 12), (26, 9), (25, 11), (31, 8), (34, 7), (27, 1), (34, 16), (30, 6), (33, 8), (26, 11), (31, 1), (18, 16), (7, 16), (31, 10), (20, 10), (22, 16), (33, 1), (9, 16), (33, 10), (24, 16), (13, 16), (25, 15), (31, 3), (34, 2), (31, 12), (34, 11), (22, 9), (20, 12), (32, 4), (33, 12), (24, 9), (34, 4), (31, 14), (14, 16), (32, 6), (33, 14), (24, 11), (29, 1), (16, 16), (34, 6), (31, 16), (20, 16), (23, 12), (27, 3), (27, 12), (30, 8), (33, 16), (20, 9), (27, 5), (32, 1), (30, 1), (27, 14), (30, 10), (10, 16), (25, 14), (20, 11), (23, 16), (12, 16), (27, 7), (30, 3), (27, 16), (30, 12), (25, 16), (31, 4), (29, 16), (21, 12), (23, 9), (34, 15), (27, 9), (30, 5), (33, 4), (30, 14), (25, 9), (32, 8), (31, 6), (6, 16), (34, 8), (27, 2), (28, 1), (27, 11), (30, 16), (19, 16), (8, 16), (32, 10)}",100,N/A,N/A
110,"(5, 16)","(6, 16)",West,"[(4, 16)]","[(33, 16), (29, 10), (29, 6), (31, 4), (26, 2), (19, 11), (19, 12)]","[(33, 16), (29, 10), (29, 6), (31, 4), (26, 2), (19, 11), (19, 12), (4, 16)]","{(34, 1), (21, 16), (34, 10), (27, 4), (27, 13), (30, 9), (32, 12), (26, 14), (21, 9), (34, 3), (34, 12), (27, 6), (11, 16), (32, 14), (26, 16), (15, 16), (34, 14), (22, 12), (27, 8), (30, 4), (28, 16), (30, 13), (17, 16), (33, 6), (32, 16), (24, 12), (26, 9), (25, 11), (31, 8), (34, 7), (27, 1), (34, 16), (30, 6), (5, 16), (33, 8), (26, 11), (31, 1), (18, 16), (7, 16), (31, 10), (20, 10), (22, 16), (33, 1), (9, 16), (33, 10), (24, 16), (13, 16), (25, 15), (31, 3), (34, 2), (31, 12), (34, 11), (22, 9), (20, 12), (32, 4), (33, 12), (24, 9), (34, 4), (31, 14), (14, 16), (32, 6), (33, 14), (24, 11), (29, 1), (16, 16), (34, 6), (31, 16), (20, 16), (23, 12), (27, 3), (27, 12), (30, 8), (33, 16), (20, 9), (27, 5), (32, 1), (30, 1), (27, 14), (30, 10), (10, 16), (25, 14), (20, 11), (23, 16), (12, 16), (27, 7), (30, 3), (27, 16), (30, 12), (25, 16), (31, 4), (29, 16), (21, 12), (23, 9), (34, 15), (27, 9), (30, 5), (33, 4), (30, 14), (25, 9), (32, 8), (31, 6), (6, 16), (34, 8), (27, 2), (28, 1), (27, 11), (30, 16), (19, 16), (8, 16), (32, 10)}",101,N/A,N/A
111,"(4, 16)","(5, 16)",West,"[(3, 16)]","[(33, 16), (29, 10), (29, 6), (31, 4), (26, 2), (19, 11), (19, 12)]","[(33, 16), (29, 10), (29, 6), (31, 4), (26, 2), (19, 11), (19, 12), (3, 16)]","{(34, 1), (21, 16), (34, 10), (27, 4), (27, 13), (30, 9), (32, 12), (26, 14), (21, 9), (34, 3), (34, 12), (27, 6), (11, 16), (32, 14), (26, 16), (15, 16), (34, 14), (22, 12), (27, 8), (30, 4), (28, 16), (30, 13), (17, 16), (33, 6), (32, 16), (24, 12), (26, 9), (25, 11), (31, 8), (34, 7), (27, 1), (34, 16), (30, 6), (5, 16), (33, 8), (26, 11), (31, 1), (18, 16), (7, 16), (31, 10), (20, 10), (22, 16), (33, 1), (9, 16), (33, 10), (24, 16), (13, 16), (25, 15), (31, 3), (34, 2), (31, 12), (34, 11), (22, 9), (20, 12), (32, 4), (33, 12), (24, 9), (34, 4), (31, 14), (14, 16), (32, 6), (33, 14), (24, 11), (29, 1), (16, 16), (34, 6), (31, 16), (20, 16), (23, 12), (27, 3), (27, 12), (30, 8), (33, 16), (20, 9), (27, 5), (32, 1), (30, 1), (27, 14), (30, 10), (10, 16), (25, 14), (20, 11), (23, 16), (12, 16), (27, 7), (30, 3), (27, 16), (30, 12), (25, 16), (31, 4), (29, 16), (21, 12), (23, 9), (34, 15), (27, 9), (30, 5), (33, 4), (30, 14), (25, 9), (32, 8), (31, 6), (6, 16), (34, 8), (27, 2), (28, 1), (4, 16), (27, 11), (30, 16), (19, 16), (8, 16), (32, 10)}",102,N/A,N/A
112,"(3, 16)","(4, 16)",West,"[(2, 16)]","[(33, 16), (29, 10), (29, 6), (31, 4), (26, 2), (19, 11), (19, 12)]","[(33, 16), (29, 10), (29, 6), (31, 4), (26, 2), (19, 11), (19, 12), (2, 16)]","{(34, 1), (21, 16), (34, 10), (27, 4), (27, 13), (30, 9), (32, 12), (26, 14), (21, 9), (34, 3), (34, 12), (27, 6), (11, 16), (32, 14), (26, 16), (15, 16), (34, 14), (22, 12), (27, 8), (30, 4), (28, 16), (30, 13), (17, 16), (33, 6), (32, 16), (24, 12), (26, 9), (25, 11), (31, 8), (34, 7), (27, 1), (34, 16), (30, 6), (5, 16), (33, 8), (26, 11), (31, 1), (18, 16), (7, 16), (31, 10), (20, 10), (22, 16), (33, 1), (9, 16), (33, 10), (24, 16), (13, 16), (25, 15), (31, 3), (34, 2), (31, 12), (34, 11), (22, 9), (20, 12), (32, 4), (33, 12), (24, 9), (34, 4), (31, 14), (14, 16), (3, 16), (32, 6), (33, 14), (24, 11), (29, 1), (16, 16), (34, 6), (31, 16), (20, 16), (23, 12), (27, 3), (27, 12), (30, 8), (33, 16), (20, 9), (27, 5), (32, 1), (30, 1), (27, 14), (30, 10), (10, 16), (25, 14), (20, 11), (23, 16), (12, 16), (27, 7), (30, 3), (27, 16), (30, 12), (25, 16), (31, 4), (29, 16), (21, 12), (23, 9), (34, 15), (27, 9), (30, 5), (33, 4), (30, 14), (25, 9), (32, 8), (31, 6), (6, 16), (34, 8), (27, 2), (28, 1), (4, 16), (27, 11), (30, 16), (19, 16), (8, 16), (32, 10)}",103,N/A,N/A
113,"(2, 16)","(3, 16)",West,"[(1, 16)]","[(33, 16), (29, 10), (29, 6), (31, 4), (26, 2), (19, 11), (19, 12)]","[(33, 16), (29, 10), (29, 6), (31, 4), (26, 2), (19, 11), (19, 12), (1, 16)]","{(34, 1), (21, 16), (34, 10), (27, 4), (27, 13), (30, 9), (32, 12), (26, 14), (21, 9), (34, 3), (34, 12), (27, 6), (11, 16), (32, 14), (26, 16), (15, 16), (34, 14), (22, 12), (27, 8), (30, 4), (28, 16), (30, 13), (17, 16), (33, 6), (32, 16), (24, 12), (26, 9), (25, 11), (31, 8), (34, 7), (27, 1), (34, 16), (30, 6), (5, 16), (33, 8), (26, 11), (31, 1), (18, 16), (7, 16), (31, 10), (20, 10), (22, 16), (33, 1), (9, 16), (33, 10), (24, 16), (13, 16), (25, 15), (31, 3), (34, 2), (31, 12), (34, 11), (22, 9), (20, 12), (32, 4), (33, 12), (24, 9), (34, 4), (31, 14), (14, 16), (3, 16), (32, 6), (33, 14), (24, 11), (29, 1), (16, 16), (34, 6), (31, 16), (20, 16), (23, 12), (27, 3), (27, 12), (30, 8), (33, 16), (20, 9), (27, 5), (32, 1), (30, 1), (27, 14), (30, 10), (10, 16), (25, 14), (20, 11), (23, 16), (12, 16), (27, 7), (30, 3), (27, 16), (30, 12), (25, 16), (31, 4), (29, 16), (21, 12), (23, 9), (34, 15), (27, 9), (30, 5), (33, 4), (30, 14), (25, 9), (32, 8), (2, 16), (31, 6), (6, 16), (34, 8), (27, 2), (28, 1), (4, 16), (27, 11), (30, 16), (19, 16), (8, 16), (32, 10)}",104,N/A,N/A
114,"(1, 16)","(2, 16)",West,"[(1, 15)]","[(33, 16), (29, 10), (29, 6), (31, 4), (26, 2), (19, 11), (19, 12)]","[(33, 16), (29, 10), (29, 6), (31, 4), (26, 2), (19, 11), (19, 12), (1, 15)]","{(34, 1), (21, 16), (34, 10), (27, 4), (27, 13), (30, 9), (32, 12), (26, 14), (21, 9), (34, 3), (34, 12), (27, 6), (11, 16), (32, 14), (26, 16), (15, 16), (34, 14), (22, 12), (27, 8), (30, 4), (28, 16), (30, 13), (17, 16), (33, 6), (32, 16), (24, 12), (26, 9), (25, 11), (31, 8), (34, 7), (27, 1), (34, 16), (30, 6), (5, 16), (33, 8), (26, 11), (31, 1), (18, 16), (7, 16), (31, 10), (20, 10), (22, 16), (33, 1), (9, 16), (33, 10), (24, 16), (13, 16), (25, 15), (31, 3), (34, 2), (31, 12), (34, 11), (22, 9), (20, 12), (32, 4), (33, 12), (24, 9), (1, 16), (34, 4), (31, 14), (14, 16), (3, 16), (32, 6), (33, 14), (24, 11), (29, 1), (16, 16), (34, 6), (31, 16), (20, 16), (23, 12), (27, 3), (27, 12), (30, 8), (33, 16), (20, 9), (27, 5), (32, 1), (30, 1), (27, 14), (30, 10), (10, 16), (25, 14), (20, 11), (23, 16), (12, 16), (27, 7), (30, 3), (27, 16), (30, 12), (25, 16), (31, 4), (29, 16), (21, 12), (23, 9), (34, 15), (27, 9), (30, 5), (33, 4), (30, 14), (25, 9), (32, 8), (2, 16), (31, 6), (6, 16), (34, 8), (27, 2), (28, 1), (4, 16), (27, 11), (30, 16), (19, 16), (8, 16), (32, 10)}",105,N/A,N/A
115,"(1, 15)","(1, 16)",South,"[(1, 14)]","[(33, 16), (29, 10), (29, 6), (31, 4), (26, 2), (19, 11), (19, 12)]","[(33, 16), (29, 10), (29, 6), (31, 4), (26, 2), (19, 11), (19, 12), (1, 14)]","{(34, 1), (21, 16), (34, 10), (27, 4), (27, 13), (30, 9), (32, 12), (1, 15), (26, 14), (21, 9), (34, 3), (34, 12), (27, 6), (11, 16), (32, 14), (26, 16), (15, 16), (34, 14), (22, 12), (27, 8), (30, 4), (28, 16), (30, 13), (17, 16), (33, 6), (32, 16), (24, 12), (26, 9), (25, 11), (31, 8), (34, 7), (27, 1), (34, 16), (30, 6), (5, 16), (33, 8), (26, 11), (31, 1), (18, 16), (7, 16), (31, 10), (20, 10), (22, 16), (33, 1), (9, 16), (33, 10), (24, 16), (13, 16), (25, 15), (31, 3), (34, 2), (31, 12), (34, 11), (22, 9), (20, 12), (32, 4), (33, 12), (24, 9), (1, 16), (34, 4), (31, 14), (14, 16), (3, 16), (32, 6), (33, 14), (24, 11), (29, 1), (16, 16), (34, 6), (31, 16), (20, 16), (23, 12), (27, 3), (27, 12), (30, 8), (33, 16), (20, 9), (27, 5), (32, 1), (30, 1), (27, 14), (30, 10), (10, 16), (25, 14), (20, 11), (23, 16), (12, 16), (27, 7), (30, 3), (27, 16), (30, 12), (25, 16), (31, 4), (29, 16), (21, 12), (23, 9), (34, 15), (27, 9), (30, 5), (33, 4), (30, 14), (25, 9), (32, 8), (2, 16), (31, 6), (6, 16), (34, 8), (27, 2), (28, 1), (4, 16), (27, 11), (30, 16), (19, 16), (8, 16), (32, 10)}",106,N/A,N/A
116,"(1, 14)","(1, 15)",South,"[(1, 13)]","[(33, 16), (29, 10), (29, 6), (31, 4), (26, 2), (19, 11), (19, 12)]","[(33, 16), (29, 10), (29, 6), (31, 4), (26, 2), (19, 11), (19, 12), (1, 13)]","{(34, 1), (21, 16), (34, 10), (27, 4), (27, 13), (30, 9), (32, 12), (1, 15), (26, 14), (21, 9), (34, 3), (34, 12), (27, 6), (11, 16), (32, 14), (26, 16), (15, 16), (34, 14), (22, 12), (27, 8), (30, 4), (28, 16), (30, 13), (17, 16), (33, 6), (32, 16), (24, 12), (26, 9), (25, 11), (31, 8), (34, 7), (27, 1), (34, 16), (30, 6), (5, 16), (33, 8), (26, 11), (31, 1), (18, 16), (7, 16), (31, 10), (20, 10), (22, 16), (33, 1), (9, 16), (33, 10), (24, 16), (13, 16), (25, 15), (1, 14), (31, 3), (34, 2), (31, 12), (34, 11), (22, 9), (20, 12), (32, 4), (33, 12), (24, 9), (1, 16), (34, 4), (31, 14), (14, 16), (3, 16), (32, 6), (33, 14), (24, 11), (29, 1), (16, 16), (34, 6), (31, 16), (20, 16), (23, 12), (27, 3), (27, 12), (30, 8), (33, 16), (20, 9), (27, 5), (32, 1), (30, 1), (27, 14), (30, 10), (10, 16), (25, 14), (20, 11), (23, 16), (12, 16), (27, 7), (30, 3), (27, 16), (30, 12), (25, 16), (31, 4), (29, 16), (21, 12), (23, 9), (34, 15), (27, 9), (30, 5), (33, 4), (30, 14), (25, 9), (32, 8), (2, 16), (31, 6), (6, 16), (34, 8), (27, 2), (28, 1), (4, 16), (27, 11), (30, 16), (19, 16), (8, 16), (32, 10)}",107,N/A,N/A
117,"(1, 13)","(1, 14)",South,"[(1, 12)]","[(33, 16), (29, 10), (29, 6), (31, 4), (26, 2), (19, 11), (19, 12)]","[(33, 16), (29, 10), (29, 6), (31, 4), (26, 2), (19, 11), (19, 12), (1, 12)]","{(34, 1), (21, 16), (34, 10), (27, 4), (27, 13), (30, 9), (32, 12), (1, 15), (26, 14), (21, 9), (34, 3), (34, 12), (27, 6), (11, 16), (32, 14), (26, 16), (15, 16), (34, 14), (22, 12), (27, 8), (30, 4), (28, 16), (30, 13), (17, 16), (33, 6), (32, 16), (24, 12), (26, 9), (25, 11), (31, 8), (34, 7), (27, 1), (34, 16), (30, 6), (5, 16), (33, 8), (26, 11), (31, 1), (18, 16), (7, 16), (31, 10), (20, 10), (22, 16), (33, 1), (9, 16), (33, 10), (24, 16), (13, 16), (25, 15), (1, 14), (31, 3), (34, 2), (31, 12), (34, 11), (22, 9), (20, 12), (32, 4), (33, 12), (24, 9), (1, 16), (34, 4), (31, 14), (14, 16), (3, 16), (32, 6), (33, 14), (24, 11), (29, 1), (16, 16), (34, 6), (31, 16), (20, 16), (23, 12), (27, 3), (27, 12), (30, 8), (33, 16), (20, 9), (27, 5), (32, 1), (30, 1), (27, 14), (30, 10), (10, 16), (1, 13), (25, 14), (20, 11), (23, 16), (12, 16), (27, 7), (30, 3), (27, 16), (30, 12), (25, 16), (31, 4), (29, 16), (21, 12), (23, 9), (34, 15), (27, 9), (30, 5), (33, 4), (30, 14), (25, 9), (32, 8), (2, 16), (31, 6), (6, 16), (34, 8), (27, 2), (28, 1), (4, 16), (27, 11), (30, 16), (19, 16), (8, 16), (32, 10)}",108,N/A,N/A
118,"(1, 12)","(1, 13)",South,"[(1, 11)]","[(33, 16), (29, 10), (29, 6), (31, 4), (26, 2), (19, 11), (19, 12)]","[(33, 16), (29, 10), (29, 6), (31, 4), (26, 2), (19, 11), (19, 12), (1, 11)]","{(34, 1), (21, 16), (34, 10), (27, 4), (27, 13), (30, 9), (32, 12), (1, 15), (26, 14), (21, 9), (34, 3), (34, 12), (27, 6), (11, 16), (32, 14), (26, 16), (15, 16), (34, 14), (22, 12), (27, 8), (30, 4), (28, 16), (30, 13), (17, 16), (33, 6), (32, 16), (24, 12), (26, 9), (25, 11), (31, 8), (34, 7), (27, 1), (34, 16), (30, 6), (5, 16), (33, 8), (1, 12), (26, 11), (31, 1), (18, 16), (7, 16), (31, 10), (20, 10), (22, 16), (33, 1), (9, 16), (33, 10), (24, 16), (13, 16), (25, 15), (1, 14), (31, 3), (34, 2), (31, 12), (34, 11), (22, 9), (20, 12), (32, 4), (33, 12), (24, 9), (1, 16), (34, 4), (31, 14), (14, 16), (3, 16), (32, 6), (33, 14), (24, 11), (29, 1), (16, 16), (34, 6), (31, 16), (20, 16), (23, 12), (27, 3), (27, 12), (30, 8), (33, 16), (20, 9), (27, 5), (32, 1), (30, 1), (27, 14), (30, 10), (10, 16), (1, 13), (25, 14), (20, 11), (23, 16), (12, 16), (27, 7), (30, 3), (27, 16), (30, 12), (25, 16), (31, 4), (29, 16), (21, 12), (23, 9), (34, 15), (27, 9), (30, 5), (33, 4), (30, 14), (25, 9), (32, 8), (2, 16), (31, 6), (6, 16), (34, 8), (27, 2), (28, 1), (4, 16), (27, 11), (30, 16), (19, 16), (8, 16), (32, 10)}",109,N/A,N/A
119,"(1, 11)","(1, 12)",South,"[(1, 10)]","[(33, 16), (29, 10), (29, 6), (31, 4), (26, 2), (19, 11), (19, 12)]","[(33, 16), (29, 10), (29, 6), (31, 4), (26, 2), (19, 11), (19, 12), (1, 10)]","{(34, 1), (21, 16), (34, 10), (27, 4), (27, 13), (30, 9), (32, 12), (1, 15), (26, 14), (21, 9), (34, 3), (34, 12), (27, 6), (11, 16), (32, 14), (26, 16), (15, 16), (34, 14), (22, 12), (27, 8), (30, 4), (28, 16), (30, 13), (17, 16), (33, 6), (32, 16), (24, 12), (26, 9), (25, 11), (31, 8), (34, 7), (27, 1), (34, 16), (30, 6), (5, 16), (33, 8), (1, 12), (26, 11), (31, 1), (18, 16), (7, 16), (31, 10), (20, 10), (22, 16), (33, 1), (9, 16), (33, 10), (24, 16), (13, 16), (25, 15), (1, 14), (31, 3), (34, 2), (31, 12), (34, 11), (22, 9), (20, 12), (32, 4), (33, 12), (24, 9), (1, 16), (34, 4), (31, 14), (14, 16), (3, 16), (32, 6), (33, 14), (24, 11), (29, 1), (16, 16), (34, 6), (31, 16), (20, 16), (23, 12), (27, 3), (27, 12), (30, 8), (33, 16), (1, 11), (20, 9), (27, 5), (32, 1), (30, 1), (27, 14), (30, 10), (10, 16), (1, 13), (25, 14), (20, 11), (23, 16), (12, 16), (27, 7), (30, 3), (27, 16), (30, 12), (25, 16), (31, 4), (29, 16), (21, 12), (23, 9), (34, 15), (27, 9), (30, 5), (33, 4), (30, 14), (25, 9), (32, 8), (2, 16), (31, 6), (6, 16), (34, 8), (27, 2), (28, 1), (4, 16), (27, 11), (30, 16), (19, 16), (8, 16), (32, 10)}",110,N/A,N/A
120,"(1, 10)","(1, 11)",South,"[(1, 9)]","[(33, 16), (29, 10), (29, 6), (31, 4), (26, 2), (19, 11), (19, 12)]","[(33, 16), (29, 10), (29, 6), (31, 4), (26, 2), (19, 11), (19, 12), (1, 9)]","{(34, 1), (21, 16), (34, 10), (27, 4), (27, 13), (30, 9), (32, 12), (1, 15), (26, 14), (21, 9), (34, 3), (34, 12), (27, 6), (11, 16), (32, 14), (26, 16), (15, 16), (34, 14), (22, 12), (27, 8), (30, 4), (28, 16), (30, 13), (17, 16), (33, 6), (32, 16), (24, 12), (26, 9), (25, 11), (1, 10), (31, 8), (34, 7), (27, 1), (34, 16), (30, 6), (5, 16), (33, 8), (1, 12), (26, 11), (31, 1), (18, 16), (7, 16), (31, 10), (20, 10), (22, 16), (33, 1), (9, 16), (33, 10), (24, 16), (13, 16), (25, 15), (1, 14), (31, 3), (34, 2), (31, 12), (34, 11), (22, 9), (20, 12), (32, 4), (33, 12), (24, 9), (1, 16), (34, 4), (31, 14), (14, 16), (3, 16), (32, 6), (33, 14), (24, 11), (29, 1), (16, 16), (34, 6), (31, 16), (20, 16), (23, 12), (27, 3), (27, 12), (30, 8), (33, 16), (1, 11), (20, 9), (27, 5), (32, 1), (30, 1), (27, 14), (30, 10), (10, 16), (1, 13), (25, 14), (20, 11), (23, 16), (12, 16), (27, 7), (30, 3), (27, 16), (30, 12), (25, 16), (31, 4), (29, 16), (21, 12), (23, 9), (34, 15), (27, 9), (30, 5), (33, 4), (30, 14), (25, 9), (32, 8), (2, 16), (31, 6), (6, 16), (34, 8), (27, 2), (28, 1), (4, 16), (27, 11), (30, 16), (19, 16), (8, 16), (32, 10)}",111,N/A,N/A
121,"(1, 9)","(1, 10)",South,"[(1, 8)]","[(33, 16), (29, 10), (29, 6), (31, 4), (26, 2), (19, 11), (19, 12)]","[(33, 16), (29, 10), (29, 6), (31, 4), (26, 2), (19, 11), (19, 12), (1, 8)]","{(34, 1), (21, 16), (34, 10), (27, 4), (27, 13), (30, 9), (32, 12), (1, 15), (26, 14), (21, 9), (34, 3), (34, 12), (27, 6), (11, 16), (32, 14), (26, 16), (15, 16), (34, 14), (22, 12), (27, 8), (30, 4), (28, 16), (30, 13), (17, 16), (33, 6), (32, 16), (24, 12), (26, 9), (25, 11), (1, 10), (31, 8), (34, 7), (27, 1), (34, 16), (30, 6), (5, 16), (33, 8), (1, 12), (26, 11), (31, 1), (18, 16), (7, 16), (31, 10), (20, 10), (22, 16), (33, 1), (9, 16), (33, 10), (24, 16), (13, 16), (25, 15), (1, 14), (31, 3), (34, 2), (31, 12), (34, 11), (22, 9), (20, 12), (32, 4), (33, 12), (24, 9), (1, 16), (34, 4), (31, 14), (14, 16), (3, 16), (32, 6), (33, 14), (24, 11), (1, 9), (29, 1), (16, 16), (34, 6), (31, 16), (20, 16), (23, 12), (27, 3), (27, 12), (30, 8), (33, 16), (1, 11), (20, 9), (27, 5), (32, 1), (30, 1), (27, 14), (30, 10), (10, 16), (1, 13), (25, 14), (20, 11), (23, 16), (12, 16), (27, 7), (30, 3), (27, 16), (30, 12), (25, 16), (31, 4), (29, 16), (21, 12), (23, 9), (34, 15), (27, 9), (30, 5), (33, 4), (30, 14), (25, 9), (32, 8), (2, 16), (31, 6), (6, 16), (34, 8), (27, 2), (28, 1), (4, 16), (27, 11), (30, 16), (19, 16), (8, 16), (32, 10)}",112,N/A,N/A
122,"(1, 8)","(1, 9)",South,"[(1, 7)]","[(33, 16), (29, 10), (29, 6), (31, 4), (26, 2), (19, 11), (19, 12)]","[(33, 16), (29, 10), (29, 6), (31, 4), (26, 2), (19, 11), (19, 12), (1, 7)]","{(34, 1), (21, 16), (34, 10), (27, 4), (27, 13), (30, 9), (32, 12), (1, 15), (26, 14), (21, 9), (34, 3), (34, 12), (27, 6), (11, 16), (32, 14), (1, 8), (26, 16), (15, 16), (34, 14), (22, 12), (27, 8), (30, 4), (28, 16), (30, 13), (17, 16), (33, 6), (32, 16), (24, 12), (26, 9), (25, 11), (1, 10), (31, 8), (34, 7), (27, 1), (34, 16), (30, 6), (5, 16), (33, 8), (1, 12), (26, 11), (31, 1), (18, 16), (7, 16), (31, 10), (20, 10), (22, 16), (33, 1), (9, 16), (33, 10), (24, 16), (13, 16), (25, 15), (1, 14), (31, 3), (34, 2), (31, 12), (34, 11), (22, 9), (20, 12), (32, 4), (33, 12), (24, 9), (1, 16), (34, 4), (31, 14), (14, 16), (3, 16), (32, 6), (33, 14), (24, 11), (1, 9), (29, 1), (16, 16), (34, 6), (31, 16), (20, 16), (23, 12), (27, 3), (27, 12), (30, 8), (33, 16), (1, 11), (20, 9), (27, 5), (32, 1), (30, 1), (27, 14), (30, 10), (10, 16), (1, 13), (25, 14), (20, 11), (23, 16), (12, 16), (27, 7), (30, 3), (27, 16), (30, 12), (25, 16), (31, 4), (29, 16), (21, 12), (23, 9), (34, 15), (27, 9), (30, 5), (33, 4), (30, 14), (25, 9), (32, 8), (2, 16), (31, 6), (6, 16), (34, 8), (27, 2), (28, 1), (4, 16), (27, 11), (30, 16), (19, 16), (8, 16), (32, 10)}",113,N/A,N/A
123,"(1, 7)","(1, 8)",South,"[(2, 7)]","[(33, 16), (29, 10), (29, 6), (31, 4), (26, 2), (19, 11), (19, 12)]","[(33, 16), (29, 10), (29, 6), (31, 4), (26, 2), (19, 11), (19, 12), (2, 7)]","{(34, 1), (21, 16), (34, 10), (27, 4), (27, 13), (30, 9), (32, 12), (1, 15), (26, 14), (21, 9), (34, 3), (34, 12), (27, 6), (11, 16), (32, 14), (1, 8), (26, 16), (15, 16), (34, 14), (22, 12), (27, 8), (30, 4), (28, 16), (30, 13), (17, 16), (33, 6), (32, 16), (24, 12), (26, 9), (25, 11), (1, 10), (31, 8), (34, 7), (27, 1), (34, 16), (30, 6), (5, 16), (33, 8), (1, 12), (26, 11), (31, 1), (18, 16), (7, 16), (31, 10), (20, 10), (22, 16), (33, 1), (9, 16), (33, 10), (24, 16), (13, 16), (25, 15), (1, 14), (31, 3), (34, 2), (31, 12), (34, 11), (22, 9), (20, 12), (32, 4), (33, 12), (24, 9), (1, 7), (1, 16), (34, 4), (31, 14), (14, 16), (3, 16), (32, 6), (33, 14), (24, 11), (1, 9), (29, 1), (16, 16), (34, 6), (31, 16), (20, 16), (23, 12), (27, 3), (27, 12), (30, 8), (33, 16), (1, 11), (20, 9), (27, 5), (32, 1), (30, 1), (27, 14), (30, 10), (10, 16), (1, 13), (25, 14), (20, 11), (23, 16), (12, 16), (27, 7), (30, 3), (27, 16), (30, 12), (25, 16), (31, 4), (29, 16), (21, 12), (23, 9), (34, 15), (27, 9), (30, 5), (33, 4), (30, 14), (25, 9), (32, 8), (2, 16), (31, 6), (6, 16), (34, 8), (27, 2), (28, 1), (4, 16), (27, 11), (30, 16), (19, 16), (8, 16), (32, 10)}",114,N/A,N/A
124,"(2, 7)","(1, 7)",East,"[(3, 7)]","[(33, 16), (29, 10), (29, 6), (31, 4), (26, 2), (19, 11), (19, 12)]","[(33, 16), (29, 10), (29, 6), (31, 4), (26, 2), (19, 11), (19, 12), (3, 7)]","{(34, 1), (21, 16), (34, 10), (27, 4), (27, 13), (30, 9), (32, 12), (1, 15), (26, 14), (21, 9), (34, 3), (34, 12), (27, 6), (11, 16), (32, 14), (1, 8), (26, 16), (15, 16), (34, 14), (22, 12), (27, 8), (30, 4), (28, 16), (30, 13), (17, 16), (33, 6), (32, 16), (24, 12), (26, 9), (25, 11), (1, 10), (31, 8), (34, 7), (27, 1), (34, 16), (30, 6), (5, 16), (33, 8), (1, 12), (26, 11), (31, 1), (18, 16), (7, 16), (31, 10), (20, 10), (22, 16), (33, 1), (9, 16), (33, 10), (24, 16), (13, 16), (25, 15), (1, 14), (31, 3), (34, 2), (31, 12), (34, 11), (22, 9), (20, 12), (32, 4), (33, 12), (24, 9), (1, 7), (1, 16), (34, 4), (31, 14), (14, 16), (3, 16), (32, 6), (33, 14), (24, 11), (1, 9), (29, 1), (16, 16), (34, 6), (31, 16), (20, 16), (23, 12), (27, 3), (27, 12), (30, 8), (33, 16), (1, 11), (20, 9), (27, 5), (32, 1), (30, 1), (27, 14), (30, 10), (10, 16), (1, 13), (25, 14), (20, 11), (23, 16), (12, 16), (27, 7), (30, 3), (27, 16), (30, 12), (25, 16), (31, 4), (29, 16), (21, 12), (23, 9), (34, 15), (27, 9), (30, 5), (33, 4), (30, 14), (25, 9), (32, 8), (2, 7), (2, 16), (31, 6), (6, 16), (34, 8), (27, 2), (28, 1), (4, 16), (27, 11), (30, 16), (19, 16), (8, 16), (32, 10)}",115,N/A,N/A
125,"(3, 7)","(2, 7)",East,"[(4, 7)]","[(33, 16), (29, 10), (29, 6), (31, 4), (26, 2), (19, 11), (19, 12)]","[(33, 16), (29, 10), (29, 6), (31, 4), (26, 2), (19, 11), (19, 12), (4, 7)]","{(34, 1), (21, 16), (34, 10), (27, 4), (27, 13), (30, 9), (32, 12), (1, 15), (26, 14), (21, 9), (34, 3), (34, 12), (27, 6), (11, 16), (32, 14), (1, 8), (26, 16), (15, 16), (34, 14), (22, 12), (27, 8), (30, 4), (28, 16), (30, 13), (17, 16), (33, 6), (32, 16), (24, 12), (26, 9), (25, 11), (1, 10), (31, 8), (34, 7), (27, 1), (34, 16), (30, 6), (5, 16), (33, 8), (1, 12), (26, 11), (31, 1), (18, 16), (7, 16), (31, 10), (20, 10), (22, 16), (33, 1), (9, 16), (33, 10), (24, 16), (13, 16), (25, 15), (1, 14), (31, 3), (34, 2), (31, 12), (34, 11), (22, 9), (20, 12), (32, 4), (33, 12), (24, 9), (1, 7), (1, 16), (34, 4), (31, 14), (3, 7), (14, 16), (3, 16), (32, 6), (33, 14), (24, 11), (1, 9), (29, 1), (16, 16), (34, 6), (31, 16), (20, 16), (23, 12), (27, 3), (27, 12), (30, 8), (33, 16), (1, 11), (20, 9), (27, 5), (32, 1), (30, 1), (27, 14), (30, 10), (10, 16), (1, 13), (25, 14), (20, 11), (23, 16), (12, 16), (27, 7), (30, 3), (27, 16), (30, 12), (25, 16), (31, 4), (29, 16), (21, 12), (23, 9), (34, 15), (27, 9), (30, 5), (33, 4), (30, 14), (25, 9), (32, 8), (2, 7), (2, 16), (31, 6), (6, 16), (34, 8), (27, 2), (28, 1), (4, 16), (27, 11), (30, 16), (19, 16), (8, 16), (32, 10)}",116,N/A,N/A
126,"(4, 7)","(3, 7)",East,"[(4, 8)]","[(33, 16), (29, 10), (29, 6), (31, 4), (26, 2), (19, 11), (19, 12)]","[(33, 16), (29, 10), (29, 6), (31, 4), (26, 2), (19, 11), (19, 12), (4, 8)]","{(34, 1), (21, 16), (34, 10), (27, 4), (27, 13), (30, 9), (32, 12), (1, 15), (26, 14), (21, 9), (34, 3), (34, 12), (27, 6), (11, 16), (32, 14), (1, 8), (26, 16), (15, 16), (34, 14), (22, 12), (27, 8), (30, 4), (28, 16), (30, 13), (17, 16), (33, 6), (32, 16), (24, 12), (26, 9), (25, 11), (1, 10), (31, 8), (34, 7), (27, 1), (34, 16), (30, 6), (5, 16), (33, 8), (1, 12), (26, 11), (31, 1), (18, 16), (7, 16), (31, 10), (20, 10), (22, 16), (33, 1), (9, 16), (33, 10), (24, 16), (13, 16), (25, 15), (1, 14), (31, 3), (34, 2), (31, 12), (34, 11), (22, 9), (20, 12), (32, 4), (33, 12), (24, 9), (1, 7), (1, 16), (34, 4), (31, 14), (3, 7), (14, 16), (3, 16), (32, 6), (33, 14), (24, 11), (1, 9), (29, 1), (16, 16), (34, 6), (31, 16), (20, 16), (23, 12), (27, 3), (27, 12), (30, 8), (33, 16), (1, 11), (20, 9), (27, 5), (32, 1), (30, 1), (27, 14), (30, 10), (10, 16), (1, 13), (25, 14), (20, 11), (23, 16), (12, 16), (27, 7), (30, 3), (27, 16), (30, 12), (25, 16), (31, 4), (29, 16), (21, 12), (23, 9), (34, 15), (27, 9), (30, 5), (33, 4), (30, 14), (25, 9), (32, 8), (2, 7), (2, 16), (31, 6), (6, 16), (4, 7), (34, 8), (27, 2), (28, 1), (4, 16), (27, 11), (30, 16), (19, 16), (8, 16), (32, 10)}",117,N/A,N/A
127,"(4, 8)","(4, 7)",North,"[(4, 9)]","[(33, 16), (29, 10), (29, 6), (31, 4), (26, 2), (19, 11), (19, 12)]","[(33, 16), (29, 10), (29, 6), (31, 4), (26, 2), (19, 11), (19, 12), (4, 9)]","{(34, 1), (21, 16), (34, 10), (27, 4), (27, 13), (30, 9), (32, 12), (1, 15), (26, 14), (21, 9), (34, 3), (34, 12), (27, 6), (11, 16), (32, 14), (1, 8), (26, 16), (15, 16), (34, 14), (22, 12), (27, 8), (30, 4), (28, 16), (30, 13), (17, 16), (33, 6), (32, 16), (24, 12), (26, 9), (25, 11), (1, 10), (31, 8), (34, 7), (27, 1), (34, 16), (30, 6), (5, 16), (33, 8), (1, 12), (26, 11), (31, 1), (18, 16), (7, 16), (31, 10), (20, 10), (22, 16), (33, 1), (9, 16), (33, 10), (24, 16), (13, 16), (25, 15), (1, 14), (31, 3), (34, 2), (31, 12), (34, 11), (22, 9), (20, 12), (32, 4), (33, 12), (24, 9), (1, 7), (1, 16), (34, 4), (31, 14), (3, 7), (14, 16), (3, 16), (32, 6), (33, 14), (24, 11), (1, 9), (29, 1), (16, 16), (34, 6), (31, 16), (20, 16), (23, 12), (4, 8), (27, 3), (27, 12), (30, 8), (33, 16), (1, 11), (20, 9), (27, 5), (32, 1), (30, 1), (27, 14), (30, 10), (10, 16), (1, 13), (25, 14), (20, 11), (23, 16), (12, 16), (27, 7), (30, 3), (27, 16), (30, 12), (25, 16), (31, 4), (29, 16), (21, 12), (23, 9), (34, 15), (27, 9), (30, 5), (33, 4), (30, 14), (25, 9), (32, 8), (2, 7), (2, 16), (31, 6), (6, 16), (4, 7), (34, 8), (27, 2), (28, 1), (4, 16), (27, 11), (30, 16), (19, 16), (8, 16), (32, 10)}",118,N/A,N/A
128,"(4, 9)","(4, 8)",North,"[(4, 10)]","[(33, 16), (29, 10), (29, 6), (31, 4), (26, 2), (19, 11), (19, 12)]","[(33, 16), (29, 10), (29, 6), (31, 4), (26, 2), (19, 11), (19, 12), (4, 10)]","{(34, 1), (21, 16), (4, 9), (34, 10), (27, 4), (27, 13), (30, 9), (32, 12), (1, 15), (26, 14), (21, 9), (34, 3), (34, 12), (27, 6), (11, 16), (32, 14), (1, 8), (26, 16), (15, 16), (34, 14), (22, 12), (27, 8), (30, 4), (28, 16), (30, 13), (17, 16), (33, 6), (32, 16), (24, 12), (26, 9), (25, 11), (1, 10), (31, 8), (34, 7), (27, 1), (34, 16), (30, 6), (5, 16), (33, 8), (1, 12), (26, 11), (31, 1), (18, 16), (7, 16), (31, 10), (20, 10), (22, 16), (33, 1), (9, 16), (33, 10), (24, 16), (13, 16), (25, 15), (1, 14), (31, 3), (34, 2), (31, 12), (34, 11), (22, 9), (20, 12), (32, 4), (33, 12), (24, 9), (1, 7), (1, 16), (34, 4), (31, 14), (3, 7), (14, 16), (3, 16), (32, 6), (33, 14), (24, 11), (1, 9), (29, 1), (16, 16), (34, 6), (31, 16), (20, 16), (23, 12), (4, 8), (27, 3), (27, 12), (30, 8), (33, 16), (1, 11), (20, 9), (27, 5), (32, 1), (30, 1), (27, 14), (30, 10), (10, 16), (1, 13), (25, 14), (20, 11), (23, 16), (12, 16), (27, 7), (30, 3), (27, 16), (30, 12), (25, 16), (31, 4), (29, 16), (21, 12), (23, 9), (34, 15), (27, 9), (30, 5), (33, 4), (30, 14), (25, 9), (32, 8), (2, 7), (2, 16), (31, 6), (6, 16), (4, 7), (34, 8), (27, 2), (28, 1), (4, 16), (27, 11), (30, 16), (19, 16), (8, 16), (32, 10)}",119,N/A,N/A
129,"(4, 10)","(4, 9)",North,"[(3, 10), (4, 11)]","[(33, 16), (29, 10), (29, 6), (31, 4), (26, 2), (19, 11), (19, 12)]","[(33, 16), (29, 10), (29, 6), (31, 4), (26, 2), (19, 11), (19, 12), (3, 10), (4, 11)]","{(34, 1), (21, 16), (4, 9), (34, 10), (27, 4), (27, 13), (30, 9), (32, 12), (1, 15), (26, 14), (21, 9), (34, 3), (34, 12), (27, 6), (11, 16), (32, 14), (1, 8), (26, 16), (15, 16), (34, 14), (22, 12), (27, 8), (30, 4), (28, 16), (30, 13), (17, 16), (33, 6), (32, 16), (24, 12), (26, 9), (25, 11), (1, 10), (31, 8), (34, 7), (27, 1), (34, 16), (30, 6), (5, 16), (33, 8), (1, 12), (26, 11), (31, 1), (18, 16), (7, 16), (31, 10), (20, 10), (22, 16), (33, 1), (9, 16), (33, 10), (24, 16), (13, 16), (25, 15), (1, 14), (31, 3), (34, 2), (31, 12), (34, 11), (22, 9), (20, 12), (32, 4), (33, 12), (24, 9), (1, 7), (1, 16), (34, 4), (31, 14), (3, 7), (14, 16), (3, 16), (32, 6), (33, 14), (24, 11), (1, 9), (29, 1), (16, 16), (34, 6), (31, 16), (20, 16), (23, 12), (4, 8), (27, 3), (27, 12), (30, 8), (33, 16), (1, 11), (20, 9), (4, 10), (27, 5), (32, 1), (30, 1), (27, 14), (30, 10), (10, 16), (1, 13), (25, 14), (20, 11), (23, 16), (12, 16), (27, 7), (30, 3), (27, 16), (30, 12), (25, 16), (31, 4), (29, 16), (21, 12), (23, 9), (34, 15), (27, 9), (30, 5), (33, 4), (30, 14), (25, 9), (32, 8), (2, 7), (2, 16), (31, 6), (6, 16), (4, 7), (34, 8), (27, 2), (28, 1), (4, 16), (27, 11), (30, 16), (19, 16), (8, 16), (32, 10)}",120,N/A,N/A
130,"(4, 11)","(4, 10)",North,"[(4, 12)]","[(33, 16), (29, 10), (29, 6), (31, 4), (26, 2), (19, 11), (19, 12), (3, 10)]","[(33, 16), (29, 10), (29, 6), (31, 4), (26, 2), (19, 11), (19, 12), (3, 10), (4, 12)]","{(34, 1), (21, 16), (4, 9), (34, 10), (27, 4), (27, 13), (30, 9), (32, 12), (1, 15), (26, 14), (21, 9), (34, 3), (34, 12), (27, 6), (11, 16), (32, 14), (1, 8), (26, 16), (15, 16), (34, 14), (22, 12), (27, 8), (30, 4), (28, 16), (30, 13), (17, 16), (33, 6), (32, 16), (24, 12), (26, 9), (25, 11), (1, 10), (31, 8), (34, 7), (27, 1), (34, 16), (30, 6), (5, 16), (33, 8), (1, 12), (26, 11), (31, 1), (18, 16), (7, 16), (31, 10), (20, 10), (22, 16), (4, 11), (33, 1), (9, 16), (33, 10), (24, 16), (13, 16), (25, 15), (1, 14), (31, 3), (34, 2), (31, 12), (34, 11), (22, 9), (20, 12), (32, 4), (33, 12), (24, 9), (1, 7), (1, 16), (34, 4), (31, 14), (3, 7), (14, 16), (3, 16), (32, 6), (33, 14), (24, 11), (1, 9), (29, 1), (16, 16), (34, 6), (31, 16), (20, 16), (23, 12), (4, 8), (27, 3), (27, 12), (30, 8), (33, 16), (1, 11), (20, 9), (4, 10), (27, 5), (32, 1), (30, 1), (27, 14), (30, 10), (10, 16), (1, 13), (25, 14), (20, 11), (23, 16), (12, 16), (27, 7), (30, 3), (27, 16), (30, 12), (25, 16), (31, 4), (29, 16), (21, 12), (23, 9), (34, 15), (27, 9), (30, 5), (33, 4), (30, 14), (25, 9), (32, 8), (2, 7), (2, 16), (31, 6), (6, 16), (4, 7), (34, 8), (27, 2), (28, 1), (4, 16), (27, 11), (30, 16), (19, 16), (8, 16), (32, 10)}",121,N/A,N/A
131,"(4, 12)","(4, 11)",North,"[(4, 13)]","[(33, 16), (29, 10), (29, 6), (31, 4), (26, 2), (19, 11), (19, 12), (3, 10)]","[(33, 16), (29, 10), (29, 6), (31, 4), (26, 2), (19, 11), (19, 12), (3, 10), (4, 13)]","{(34, 1), (21, 16), (4, 9), (34, 10), (27, 4), (27, 13), (30, 9), (32, 12), (1, 15), (26, 14), (21, 9), (34, 3), (34, 12), (27, 6), (11, 16), (32, 14), (1, 8), (26, 16), (15, 16), (34, 14), (22, 12), (27, 8), (30, 4), (28, 16), (30, 13), (17, 16), (33, 6), (32, 16), (24, 12), (26, 9), (25, 11), (1, 10), (31, 8), (34, 7), (27, 1), (34, 16), (30, 6), (5, 16), (33, 8), (1, 12), (26, 11), (31, 1), (18, 16), (7, 16), (31, 10), (20, 10), (22, 16), (4, 11), (33, 1), (9, 16), (33, 10), (24, 16), (13, 16), (25, 15), (1, 14), (31, 3), (34, 2), (31, 12), (34, 11), (22, 9), (20, 12), (32, 4), (33, 12), (24, 9), (1, 7), (1, 16), (34, 4), (31, 14), (3, 7), (14, 16), (3, 16), (32, 6), (33, 14), (24, 11), (1, 9), (29, 1), (16, 16), (34, 6), (31, 16), (20, 16), (23, 12), (4, 8), (27, 3), (27, 12), (30, 8), (33, 16), (1, 11), (20, 9), (4, 10), (27, 5), (32, 1), (30, 1), (27, 14), (30, 10), (10, 16), (1, 13), (25, 14), (20, 11), (23, 16), (12, 16), (4, 12), (27, 7), (30, 3), (27, 16), (30, 12), (25, 16), (31, 4), (29, 16), (21, 12), (23, 9), (34, 15), (27, 9), (30, 5), (33, 4), (30, 14), (25, 9), (32, 8), (2, 7), (2, 16), (31, 6), (6, 16), (4, 7), (34, 8), (27, 2), (28, 1), (4, 16), (27, 11), (30, 16), (19, 16), (8, 16), (32, 10)}",122,N/A,N/A
132,"(4, 13)","(4, 12)",North,"[(4, 14)]","[(33, 16), (29, 10), (29, 6), (31, 4), (26, 2), (19, 11), (19, 12), (3, 10)]","[(33, 16), (29, 10), (29, 6), (31, 4), (26, 2), (19, 11), (19, 12), (3, 10), (4, 14)]","{(34, 1), (21, 16), (4, 9), (34, 10), (27, 4), (27, 13), (30, 9), (32, 12), (1, 15), (26, 14), (21, 9), (34, 3), (34, 12), (27, 6), (11, 16), (32, 14), (1, 8), (26, 16), (15, 16), (34, 14), (22, 12), (27, 8), (30, 4), (28, 16), (30, 13), (17, 16), (33, 6), (32, 16), (24, 12), (26, 9), (25, 11), (1, 10), (31, 8), (34, 7), (27, 1), (34, 16), (30, 6), (5, 16), (33, 8), (1, 12), (26, 11), (31, 1), (18, 16), (7, 16), (31, 10), (20, 10), (22, 16), (4, 11), (33, 1), (9, 16), (33, 10), (24, 16), (13, 16), (25, 15), (1, 14), (31, 3), (34, 2), (31, 12), (34, 11), (22, 9), (20, 12), (4, 13), (32, 4), (33, 12), (24, 9), (1, 7), (1, 16), (34, 4), (31, 14), (3, 7), (14, 16), (3, 16), (32, 6), (33, 14), (24, 11), (1, 9), (29, 1), (16, 16), (34, 6), (31, 16), (20, 16), (23, 12), (4, 8), (27, 3), (27, 12), (30, 8), (33, 16), (1, 11), (20, 9), (4, 10), (27, 5), (32, 1), (30, 1), (27, 14), (30, 10), (10, 16), (1, 13), (25, 14), (20, 11), (23, 16), (12, 16), (4, 12), (27, 7), (30, 3), (27, 16), (30, 12), (25, 16), (31, 4), (29, 16), (21, 12), (23, 9), (34, 15), (27, 9), (30, 5), (33, 4), (30, 14), (25, 9), (32, 8), (2, 7), (2, 16), (31, 6), (6, 16), (4, 7), (34, 8), (27, 2), (28, 1), (4, 16), (27, 11), (30, 16), (19, 16), (8, 16), (32, 10)}",123,N/A,N/A
133,"(4, 14)","(4, 13)",North,"[(5, 14)]","[(33, 16), (29, 10), (29, 6), (31, 4), (26, 2), (19, 11), (19, 12), (3, 10)]","[(33, 16), (29, 10), (29, 6), (31, 4), (26, 2), (19, 11), (19, 12), (3, 10), (5, 14)]","{(34, 1), (21, 16), (4, 9), (34, 10), (27, 4), (27, 13), (30, 9), (32, 12), (1, 15), (26, 14), (21, 9), (34, 3), (34, 12), (27, 6), (11, 16), (32, 14), (1, 8), (26, 16), (15, 16), (34, 14), (22, 12), (27, 8), (30, 4), (28, 16), (30, 13), (17, 16), (33, 6), (32, 16), (24, 12), (26, 9), (25, 11), (1, 10), (31, 8), (34, 7), (27, 1), (34, 16), (30, 6), (5, 16), (33, 8), (1, 12), (26, 11), (31, 1), (18, 16), (7, 16), (31, 10), (20, 10), (22, 16), (4, 11), (33, 1), (9, 16), (33, 10), (24, 16), (13, 16), (25, 15), (1, 14), (31, 3), (34, 2), (31, 12), (34, 11), (22, 9), (20, 12), (4, 13), (32, 4), (33, 12), (24, 9), (1, 7), (1, 16), (34, 4), (31, 14), (3, 7), (14, 16), (3, 16), (32, 6), (33, 14), (24, 11), (1, 9), (29, 1), (16, 16), (34, 6), (31, 16), (20, 16), (23, 12), (4, 8), (27, 3), (27, 12), (30, 8), (33, 16), (1, 11), (20, 9), (4, 10), (27, 5), (32, 1), (30, 1), (27, 14), (30, 10), (10, 16), (1, 13), (25, 14), (20, 11), (23, 16), (12, 16), (4, 12), (27, 7), (30, 3), (27, 16), (30, 12), (25, 16), (31, 4), (29, 16), (21, 12), (23, 9), (4, 14), (34, 15), (27, 9), (30, 5), (33, 4), (30, 14), (25, 9), (32, 8), (2, 7), (2, 16), (31, 6), (6, 16), (4, 7), (34, 8), (27, 2), (28, 1), (4, 16), (27, 11), (30, 16), (19, 16), (8, 16), (32, 10)}",124,N/A,N/A
134,"(5, 14)","(4, 14)",East,"[(6, 14)]","[(33, 16), (29, 10), (29, 6), (31, 4), (26, 2), (19, 11), (19, 12), (3, 10)]","[(33, 16), (29, 10), (29, 6), (31, 4), (26, 2), (19, 11), (19, 12), (3, 10), (6, 14)]","{(34, 1), (21, 16), (4, 9), (34, 10), (27, 4), (27, 13), (30, 9), (32, 12), (1, 15), (26, 14), (21, 9), (34, 3), (34, 12), (27, 6), (11, 16), (32, 14), (1, 8), (26, 16), (15, 16), (34, 14), (22, 12), (27, 8), (30, 4), (28, 16), (30, 13), (17, 16), (5, 14), (33, 6), (32, 16), (24, 12), (26, 9), (25, 11), (1, 10), (31, 8), (34, 7), (27, 1), (34, 16), (30, 6), (5, 16), (33, 8), (1, 12), (26, 11), (31, 1), (18, 16), (7, 16), (31, 10), (20, 10), (22, 16), (4, 11), (33, 1), (9, 16), (33, 10), (24, 16), (13, 16), (25, 15), (1, 14), (31, 3), (34, 2), (31, 12), (34, 11), (22, 9), (20, 12), (4, 13), (32, 4), (33, 12), (24, 9), (1, 7), (1, 16), (34, 4), (31, 14), (3, 7), (14, 16), (3, 16), (32, 6), (33, 14), (24, 11), (1, 9), (29, 1), (16, 16), (34, 6), (31, 16), (20, 16), (23, 12), (4, 8), (27, 3), (27, 12), (30, 8), (33, 16), (1, 11), (20, 9), (4, 10), (27, 5), (32, 1), (30, 1), (27, 14), (30, 10), (10, 16), (1, 13), (25, 14), (20, 11), (23, 16), (12, 16), (4, 12), (27, 7), (30, 3), (27, 16), (30, 12), (25, 16), (31, 4), (29, 16), (21, 12), (23, 9), (4, 14), (34, 15), (27, 9), (30, 5), (33, 4), (30, 14), (25, 9), (32, 8), (2, 7), (2, 16), (31, 6), (6, 16), (4, 7), (34, 8), (27, 2), (28, 1), (4, 16), (27, 11), (30, 16), (19, 16), (8, 16), (32, 10)}",125,N/A,N/A
135,"(6, 14)","(5, 14)",East,"[(6, 13)]","[(33, 16), (29, 10), (29, 6), (31, 4), (26, 2), (19, 11), (19, 12), (3, 10)]","[(33, 16), (29, 10), (29, 6), (31, 4), (26, 2), (19, 11), (19, 12), (3, 10), (6, 13)]","{(34, 1), (21, 16), (4, 9), (34, 10), (27, 4), (27, 13), (30, 9), (32, 12), (1, 15), (26, 14), (21, 9), (34, 3), (34, 12), (27, 6), (11, 16), (32, 14), (1, 8), (26, 16), (15, 16), (34, 14), (22, 12), (27, 8), (30, 4), (28, 16), (30, 13), (17, 16), (5, 14), (33, 6), (32, 16), (24, 12), (26, 9), (25, 11), (1, 10), (31, 8), (34, 7), (27, 1), (34, 16), (30, 6), (5, 16), (33, 8), (1, 12), (26, 11), (31, 1), (18, 16), (7, 16), (31, 10), (20, 10), (22, 16), (4, 11), (33, 1), (9, 16), (33, 10), (24, 16), (13, 16), (25, 15), (1, 14), (31, 3), (34, 2), (31, 12), (34, 11), (22, 9), (20, 12), (4, 13), (32, 4), (33, 12), (24, 9), (1, 7), (1, 16), (34, 4), (31, 14), (3, 7), (14, 16), (3, 16), (32, 6), (33, 14), (24, 11), (1, 9), (29, 1), (16, 16), (34, 6), (31, 16), (20, 16), (23, 12), (4, 8), (27, 3), (27, 12), (30, 8), (33, 16), (1, 11), (20, 9), (4, 10), (27, 5), (32, 1), (30, 1), (27, 14), (30, 10), (10, 16), (1, 13), (25, 14), (20, 11), (23, 16), (12, 16), (4, 12), (27, 7), (30, 3), (27, 16), (30, 12), (25, 16), (31, 4), (29, 16), (6, 14), (21, 12), (23, 9), (4, 14), (34, 15), (27, 9), (30, 5), (33, 4), (30, 14), (25, 9), (32, 8), (2, 7), (2, 16), (31, 6), (6, 16), (4, 7), (34, 8), (27, 2), (28, 1), (4, 16), (27, 11), (30, 16), (19, 16), (8, 16), (32, 10)}",126,N/A,N/A
136,"(6, 13)","(6, 14)",South,"[(6, 12)]","[(33, 16), (29, 10), (29, 6), (31, 4), (26, 2), (19, 11), (19, 12), (3, 10)]","[(33, 16), (29, 10), (29, 6), (31, 4), (26, 2), (19, 11), (19, 12), (3, 10), (6, 12)]","{(34, 1), (21, 16), (4, 9), (34, 10), (27, 4), (27, 13), (30, 9), (32, 12), (1, 15), (26, 14), (21, 9), (34, 3), (34, 12), (27, 6), (11, 16), (32, 14), (1, 8), (26, 16), (15, 16), (6, 13), (34, 14), (22, 12), (27, 8), (30, 4), (28, 16), (30, 13), (17, 16), (5, 14), (33, 6), (32, 16), (24, 12), (26, 9), (25, 11), (1, 10), (31, 8), (34, 7), (27, 1), (34, 16), (30, 6), (5, 16), (33, 8), (1, 12), (26, 11), (31, 1), (18, 16), (7, 16), (31, 10), (20, 10), (22, 16), (4, 11), (33, 1), (9, 16), (33, 10), (24, 16), (13, 16), (25, 15), (1, 14), (31, 3), (34, 2), (31, 12), (34, 11), (22, 9), (20, 12), (4, 13), (32, 4), (33, 12), (24, 9), (1, 7), (1, 16), (34, 4), (31, 14), (3, 7), (14, 16), (3, 16), (32, 6), (33, 14), (24, 11), (1, 9), (29, 1), (16, 16), (34, 6), (31, 16), (20, 16), (23, 12), (4, 8), (27, 3), (27, 12), (30, 8), (33, 16), (1, 11), (20, 9), (4, 10), (27, 5), (32, 1), (30, 1), (27, 14), (30, 10), (10, 16), (1, 13), (25, 14), (20, 11), (23, 16), (12, 16), (4, 12), (27, 7), (30, 3), (27, 16), (30, 12), (25, 16), (31, 4), (29, 16), (6, 14), (21, 12), (23, 9), (4, 14), (34, 15), (27, 9), (30, 5), (33, 4), (30, 14), (25, 9), (32, 8), (2, 7), (2, 16), (31, 6), (6, 16), (4, 7), (34, 8), (27, 2), (28, 1), (4, 16), (27, 11), (30, 16), (19, 16), (8, 16), (32, 10)}",127,N/A,N/A
137,"(6, 12)","(6, 13)",South,"[(6, 11)]","[(33, 16), (29, 10), (29, 6), (31, 4), (26, 2), (19, 11), (19, 12), (3, 10)]","[(33, 16), (29, 10), (29, 6), (31, 4), (26, 2), (19, 11), (19, 12), (3, 10), (6, 11)]","{(34, 1), (21, 16), (4, 9), (34, 10), (27, 4), (27, 13), (30, 9), (32, 12), (1, 15), (26, 14), (21, 9), (34, 3), (34, 12), (27, 6), (11, 16), (32, 14), (1, 8), (26, 16), (15, 16), (6, 13), (34, 14), (22, 12), (27, 8), (30, 4), (28, 16), (30, 13), (17, 16), (5, 14), (33, 6), (32, 16), (24, 12), (26, 9), (25, 11), (1, 10), (31, 8), (34, 7), (27, 1), (34, 16), (30, 6), (5, 16), (33, 8), (1, 12), (26, 11), (31, 1), (18, 16), (7, 16), (31, 10), (20, 10), (22, 16), (4, 11), (33, 1), (9, 16), (33, 10), (24, 16), (13, 16), (25, 15), (1, 14), (31, 3), (34, 2), (31, 12), (34, 11), (22, 9), (20, 12), (4, 13), (32, 4), (33, 12), (24, 9), (1, 7), (1, 16), (34, 4), (31, 14), (3, 7), (14, 16), (3, 16), (32, 6), (33, 14), (24, 11), (1, 9), (29, 1), (16, 16), (34, 6), (31, 16), (20, 16), (23, 12), (4, 8), (27, 3), (27, 12), (30, 8), (33, 16), (1, 11), (20, 9), (4, 10), (27, 5), (32, 1), (30, 1), (27, 14), (30, 10), (10, 16), (1, 13), (25, 14), (6, 12), (20, 11), (23, 16), (12, 16), (4, 12), (27, 7), (30, 3), (27, 16), (30, 12), (25, 16), (31, 4), (29, 16), (6, 14), (21, 12), (23, 9), (4, 14), (34, 15), (27, 9), (30, 5), (33, 4), (30, 14), (25, 9), (32, 8), (2, 7), (2, 16), (31, 6), (6, 16), (4, 7), (34, 8), (27, 2), (28, 1), (4, 16), (27, 11), (30, 16), (19, 16), (8, 16), (32, 10)}",128,N/A,N/A
138,"(6, 11)","(6, 12)",South,"[(6, 10)]","[(33, 16), (29, 10), (29, 6), (31, 4), (26, 2), (19, 11), (19, 12), (3, 10)]","[(33, 16), (29, 10), (29, 6), (31, 4), (26, 2), (19, 11), (19, 12), (3, 10), (6, 10)]","{(34, 1), (21, 16), (4, 9), (34, 10), (27, 4), (27, 13), (30, 9), (32, 12), (1, 15), (26, 14), (6, 11), (21, 9), (34, 3), (34, 12), (27, 6), (11, 16), (32, 14), (1, 8), (26, 16), (15, 16), (6, 13), (34, 14), (22, 12), (27, 8), (30, 4), (28, 16), (30, 13), (17, 16), (5, 14), (33, 6), (32, 16), (24, 12), (26, 9), (25, 11), (1, 10), (31, 8), (34, 7), (27, 1), (34, 16), (30, 6), (5, 16), (33, 8), (1, 12), (26, 11), (31, 1), (18, 16), (7, 16), (31, 10), (20, 10), (22, 16), (4, 11), (33, 1), (9, 16), (33, 10), (24, 16), (13, 16), (25, 15), (1, 14), (31, 3), (34, 2), (31, 12), (34, 11), (22, 9), (20, 12), (4, 13), (32, 4), (33, 12), (24, 9), (1, 7), (1, 16), (34, 4), (31, 14), (3, 7), (14, 16), (3, 16), (32, 6), (33, 14), (24, 11), (1, 9), (29, 1), (16, 16), (34, 6), (31, 16), (20, 16), (23, 12), (4, 8), (27, 3), (27, 12), (30, 8), (33, 16), (1, 11), (20, 9), (4, 10), (27, 5), (32, 1), (30, 1), (27, 14), (30, 10), (10, 16), (1, 13), (25, 14), (6, 12), (20, 11), (23, 16), (12, 16), (4, 12), (27, 7), (30, 3), (27, 16), (30, 12), (25, 16), (31, 4), (29, 16), (6, 14), (21, 12), (23, 9), (4, 14), (34, 15), (27, 9), (30, 5), (33, 4), (30, 14), (25, 9), (32, 8), (2, 7), (2, 16), (31, 6), (6, 16), (4, 7), (34, 8), (27, 2), (28, 1), (4, 16), (27, 11), (30, 16), (19, 16), (8, 16), (32, 10)}",129,N/A,N/A
139,"(6, 10)","(6, 11)",South,"[(6, 9)]","[(33, 16), (29, 10), (29, 6), (31, 4), (26, 2), (19, 11), (19, 12), (3, 10)]","[(33, 16), (29, 10), (29, 6), (31, 4), (26, 2), (19, 11), (19, 12), (3, 10), (6, 9)]","{(34, 1), (21, 16), (4, 9), (34, 10), (27, 4), (27, 13), (30, 9), (32, 12), (1, 15), (26, 14), (6, 11), (21, 9), (34, 3), (34, 12), (27, 6), (11, 16), (32, 14), (1, 8), (26, 16), (15, 16), (6, 13), (34, 14), (22, 12), (27, 8), (30, 4), (28, 16), (30, 13), (17, 16), (5, 14), (33, 6), (32, 16), (24, 12), (26, 9), (25, 11), (1, 10), (31, 8), (34, 7), (27, 1), (34, 16), (30, 6), (5, 16), (33, 8), (1, 12), (26, 11), (31, 1), (18, 16), (7, 16), (31, 10), (20, 10), (22, 16), (4, 11), (33, 1), (9, 16), (33, 10), (24, 16), (13, 16), (25, 15), (1, 14), (31, 3), (34, 2), (31, 12), (34, 11), (22, 9), (20, 12), (4, 13), (32, 4), (33, 12), (24, 9), (1, 7), (1, 16), (34, 4), (31, 14), (3, 7), (14, 16), (3, 16), (32, 6), (33, 14), (24, 11), (1, 9), (29, 1), (16, 16), (34, 6), (31, 16), (20, 16), (23, 12), (4, 8), (27, 3), (27, 12), (30, 8), (33, 16), (1, 11), (6, 10), (20, 9), (4, 10), (27, 5), (32, 1), (30, 1), (27, 14), (30, 10), (10, 16), (1, 13), (25, 14), (6, 12), (20, 11), (23, 16), (12, 16), (4, 12), (27, 7), (30, 3), (27, 16), (30, 12), (25, 16), (31, 4), (29, 16), (6, 14), (21, 12), (23, 9), (4, 14), (34, 15), (27, 9), (30, 5), (33, 4), (30, 14), (25, 9), (32, 8), (2, 7), (2, 16), (31, 6), (6, 16), (4, 7), (34, 8), (27, 2), (28, 1), (4, 16), (27, 11), (30, 16), (19, 16), (8, 16), (32, 10)}",130,N/A,N/A
140,"(6, 9)","(6, 10)",South,"[(6, 8)]","[(33, 16), (29, 10), (29, 6), (31, 4), (26, 2), (19, 11), (19, 12), (3, 10)]","[(33, 16), (29, 10), (29, 6), (31, 4), (26, 2), (19, 11), (19, 12), (3, 10), (6, 8)]","{(34, 1), (21, 16), (4, 9), (34, 10), (27, 4), (27, 13), (30, 9), (32, 12), (1, 15), (26, 14), (6, 11), (21, 9), (34, 3), (34, 12), (27, 6), (11, 16), (32, 14), (1, 8), (26, 16), (15, 16), (6, 13), (34, 14), (22, 12), (27, 8), (30, 4), (28, 16), (30, 13), (17, 16), (5, 14), (33, 6), (32, 16), (24, 12), (26, 9), (25, 11), (1, 10), (31, 8), (34, 7), (27, 1), (34, 16), (30, 6), (5, 16), (33, 8), (1, 12), (26, 11), (31, 1), (18, 16), (7, 16), (31, 10), (20, 10), (22, 16), (4, 11), (33, 1), (9, 16), (33, 10), (24, 16), (13, 16), (25, 15), (1, 14), (31, 3), (34, 2), (31, 12), (34, 11), (22, 9), (20, 12), (4, 13), (32, 4), (33, 12), (24, 9), (1, 7), (1, 16), (34, 4), (31, 14), (3, 7), (14, 16), (3, 16), (32, 6), (33, 14), (24, 11), (1, 9), (29, 1), (16, 16), (34, 6), (31, 16), (20, 16), (23, 12), (4, 8), (27, 3), (27, 12), (30, 8), (33, 16), (1, 11), (6, 10), (20, 9), (4, 10), (27, 5), (32, 1), (30, 1), (27, 14), (30, 10), (10, 16), (1, 13), (25, 14), (6, 12), (20, 11), (23, 16), (12, 16), (4, 12), (27, 7), (30, 3), (27, 16), (30, 12), (25, 16), (31, 4), (29, 16), (6, 14), (21, 12), (23, 9), (4, 14), (34, 15), (27, 9), (30, 5), (33, 4), (30, 14), (25, 9), (32, 8), (2, 7), (2, 16), (31, 6), (6, 16), (4, 7), (34, 8), (27, 2), (28, 1), (4, 16), (27, 11), (30, 16), (19, 16), (8, 16), (32, 10), (6, 9)}",131,N/A,N/A
141,"(6, 8)","(6, 9)",South,"[(7, 8)]","[(33, 16), (29, 10), (29, 6), (31, 4), (26, 2), (19, 11), (19, 12), (3, 10)]","[(33, 16), (29, 10), (29, 6), (31, 4), (26, 2), (19, 11), (19, 12), (3, 10), (7, 8)]","{(34, 1), (21, 16), (4, 9), (34, 10), (27, 4), (27, 13), (30, 9), (32, 12), (1, 15), (26, 14), (6, 11), (21, 9), (34, 3), (34, 12), (27, 6), (11, 16), (32, 14), (1, 8), (26, 16), (15, 16), (6, 13), (34, 14), (22, 12), (27, 8), (30, 4), (28, 16), (30, 13), (17, 16), (5, 14), (33, 6), (32, 16), (24, 12), (26, 9), (25, 11), (1, 10), (31, 8), (34, 7), (27, 1), (34, 16), (30, 6), (5, 16), (33, 8), (1, 12), (26, 11), (31, 1), (18, 16), (7, 16), (31, 10), (20, 10), (22, 16), (4, 11), (33, 1), (9, 16), (33, 10), (24, 16), (13, 16), (25, 15), (1, 14), (31, 3), (34, 2), (31, 12), (34, 11), (22, 9), (20, 12), (4, 13), (32, 4), (33, 12), (24, 9), (1, 7), (1, 16), (34, 4), (31, 14), (3, 7), (14, 16), (3, 16), (32, 6), (33, 14), (24, 11), (1, 9), (29, 1), (16, 16), (6, 8), (34, 6), (31, 16), (20, 16), (23, 12), (4, 8), (27, 3), (27, 12), (30, 8), (33, 16), (1, 11), (6, 10), (20, 9), (4, 10), (27, 5), (32, 1), (30, 1), (27, 14), (30, 10), (10, 16), (1, 13), (25, 14), (6, 12), (20, 11), (23, 16), (12, 16), (4, 12), (27, 7), (30, 3), (27, 16), (30, 12), (25, 16), (31, 4), (29, 16), (6, 14), (21, 12), (23, 9), (4, 14), (34, 15), (27, 9), (30, 5), (33, 4), (30, 14), (25, 9), (32, 8), (2, 7), (2, 16), (31, 6), (6, 16), (4, 7), (34, 8), (27, 2), (28, 1), (4, 16), (27, 11), (30, 16), (19, 16), (8, 16), (32, 10), (6, 9)}",132,N/A,N/A
142,"(7, 8)","(6, 8)",East,"[(8, 8)]","[(33, 16), (29, 10), (29, 6), (31, 4), (26, 2), (19, 11), (19, 12), (3, 10)]","[(33, 16), (29, 10), (29, 6), (31, 4), (26, 2), (19, 11), (19, 12), (3, 10), (8, 8)]","{(34, 1), (21, 16), (4, 9), (34, 10), (27, 4), (27, 13), (30, 9), (32, 12), (1, 15), (26, 14), (6, 11), (21, 9), (34, 3), (34, 12), (27, 6), (11, 16), (32, 14), (1, 8), (26, 16), (15, 16), (6, 13), (34, 14), (22, 12), (27, 8), (30, 4), (28, 16), (30, 13), (17, 16), (5, 14), (33, 6), (32, 16), (24, 12), (26, 9), (25, 11), (1, 10), (31, 8), (34, 7), (27, 1), (34, 16), (30, 6), (5, 16), (33, 8), (1, 12), (26, 11), (31, 1), (18, 16), (7, 16), (31, 10), (20, 10), (22, 16), (4, 11), (33, 1), (9, 16), (33, 10), (24, 16), (13, 16), (25, 15), (1, 14), (31, 3), (34, 2), (31, 12), (34, 11), (22, 9), (20, 12), (4, 13), (32, 4), (33, 12), (24, 9), (1, 7), (1, 16), (34, 4), (31, 14), (3, 7), (14, 16), (3, 16), (32, 6), (33, 14), (24, 11), (1, 9), (29, 1), (16, 16), (6, 8), (34, 6), (31, 16), (20, 16), (23, 12), (4, 8), (27, 3), (27, 12), (30, 8), (33, 16), (1, 11), (6, 10), (20, 9), (4, 10), (27, 5), (32, 1), (30, 1), (27, 14), (30, 10), (10, 16), (1, 13), (25, 14), (6, 12), (20, 11), (23, 16), (12, 16), (4, 12), (27, 7), (30, 3), (27, 16), (30, 12), (25, 16), (31, 4), (29, 16), (6, 14), (21, 12), (23, 9), (4, 14), (34, 15), (27, 9), (30, 5), (33, 4), (30, 14), (25, 9), (32, 8), (2, 7), (2, 16), (31, 6), (6, 16), (4, 7), (34, 8), (27, 2), (28, 1), (4, 16), (27, 11), (30, 16), (19, 16), (8, 16), (32, 10), (6, 9), (7, 8)}",133,N/A,N/A
143,"(8, 8)","(7, 8)",East,"[(8, 9)]","[(33, 16), (29, 10), (29, 6), (31, 4), (26, 2), (19, 11), (19, 12), (3, 10)]","[(33, 16), (29, 10), (29, 6), (31, 4), (26, 2), (19, 11), (19, 12), (3, 10), (8, 9)]","{(34, 1), (21, 16), (4, 9), (34, 10), (27, 4), (27, 13), (30, 9), (32, 12), (1, 15), (26, 14), (6, 11), (21, 9), (34, 3), (34, 12), (27, 6), (11, 16), (32, 14), (1, 8), (26, 16), (15, 16), (6, 13), (34, 14), (22, 12), (27, 8), (30, 4), (28, 16), (30, 13), (17, 16), (5, 14), (33, 6), (32, 16), (24, 12), (26, 9), (25, 11), (1, 10), (31, 8), (34, 7), (27, 1), (34, 16), (30, 6), (5, 16), (33, 8), (1, 12), (26, 11), (31, 1), (18, 16), (7, 16), (31, 10), (20, 10), (22, 16), (4, 11), (33, 1), (9, 16), (33, 10), (24, 16), (13, 16), (25, 15), (1, 14), (31, 3), (34, 2), (31, 12), (34, 11), (22, 9), (20, 12), (4, 13), (32, 4), (33, 12), (24, 9), (1, 7), (1, 16), (34, 4), (31, 14), (3, 7), (14, 16), (3, 16), (32, 6), (33, 14), (24, 11), (1, 9), (29, 1), (16, 16), (6, 8), (34, 6), (31, 16), (20, 16), (23, 12), (4, 8), (27, 3), (27, 12), (30, 8), (8, 8), (33, 16), (1, 11), (6, 10), (20, 9), (4, 10), (27, 5), (32, 1), (30, 1), (27, 14), (30, 10), (10, 16), (1, 13), (25, 14), (6, 12), (20, 11), (23, 16), (12, 16), (4, 12), (27, 7), (30, 3), (27, 16), (30, 12), (25, 16), (31, 4), (29, 16), (6, 14), (21, 12), (23, 9), (4, 14), (34, 15), (27, 9), (30, 5), (33, 4), (30, 14), (25, 9), (32, 8), (2, 7), (2, 16), (31, 6), (6, 16), (4, 7), (34, 8), (27, 2), (28, 1), (4, 16), (27, 11), (30, 16), (19, 16), (8, 16), (32, 10), (6, 9), (7, 8)}",134,N/A,N/A
144,"(8, 9)","(8, 8)",North,"[(8, 10)]","[(33, 16), (29, 10), (29, 6), (31, 4), (26, 2), (19, 11), (19, 12), (3, 10)]","[(33, 16), (29, 10), (29, 6), (31, 4), (26, 2), (19, 11), (19, 12), (3, 10), (8, 10)]","{(34, 1), (21, 16), (4, 9), (34, 10), (27, 4), (27, 13), (30, 9), (8, 9), (32, 12), (1, 15), (26, 14), (6, 11), (21, 9), (34, 3), (34, 12), (27, 6), (11, 16), (32, 14), (1, 8), (26, 16), (15, 16), (6, 13), (34, 14), (22, 12), (27, 8), (30, 4), (28, 16), (30, 13), (17, 16), (5, 14), (33, 6), (32, 16), (24, 12), (26, 9), (25, 11), (1, 10), (31, 8), (34, 7), (27, 1), (34, 16), (30, 6), (5, 16), (33, 8), (1, 12), (26, 11), (31, 1), (18, 16), (7, 16), (31, 10), (20, 10), (22, 16), (4, 11), (33, 1), (9, 16), (33, 10), (24, 16), (13, 16), (25, 15), (1, 14), (31, 3), (34, 2), (31, 12), (34, 11), (22, 9), (20, 12), (4, 13), (32, 4), (33, 12), (24, 9), (1, 7), (1, 16), (34, 4), (31, 14), (3, 7), (14, 16), (3, 16), (32, 6), (33, 14), (24, 11), (1, 9), (29, 1), (16, 16), (6, 8), (34, 6), (31, 16), (20, 16), (23, 12), (4, 8), (27, 3), (27, 12), (30, 8), (8, 8), (33, 16), (1, 11), (6, 10), (20, 9), (4, 10), (27, 5), (32, 1), (30, 1), (27, 14), (30, 10), (10, 16), (1, 13), (25, 14), (6, 12), (20, 11), (23, 16), (12, 16), (4, 12), (27, 7), (30, 3), (27, 16), (30, 12), (25, 16), (31, 4), (29, 16), (6, 14), (21, 12), (23, 9), (4, 14), (34, 15), (27, 9), (30, 5), (33, 4), (30, 14), (25, 9), (32, 8), (2, 7), (2, 16), (31, 6), (6, 16), (4, 7), (34, 8), (27, 2), (28, 1), (4, 16), (27, 11), (30, 16), (19, 16), (8, 16), (32, 10), (6, 9), (7, 8)}",135,N/A,N/A
145,"(8, 10)","(8, 9)",North,"[(8, 11)]","[(33, 16), (29, 10), (29, 6), (31, 4), (26, 2), (19, 11), (19, 12), (3, 10)]","[(33, 16), (29, 10), (29, 6), (31, 4), (26, 2), (19, 11), (19, 12), (3, 10), (8, 11)]","{(34, 1), (21, 16), (4, 9), (34, 10), (27, 4), (27, 13), (30, 9), (8, 9), (32, 12), (1, 15), (26, 14), (6, 11), (21, 9), (34, 3), (34, 12), (27, 6), (11, 16), (32, 14), (1, 8), (26, 16), (15, 16), (6, 13), (34, 14), (22, 12), (27, 8), (30, 4), (28, 16), (30, 13), (17, 16), (5, 14), (33, 6), (32, 16), (24, 12), (26, 9), (25, 11), (1, 10), (31, 8), (34, 7), (27, 1), (34, 16), (30, 6), (5, 16), (33, 8), (1, 12), (26, 11), (31, 1), (18, 16), (7, 16), (31, 10), (20, 10), (22, 16), (4, 11), (33, 1), (9, 16), (33, 10), (24, 16), (13, 16), (25, 15), (1, 14), (31, 3), (34, 2), (31, 12), (34, 11), (22, 9), (20, 12), (4, 13), (32, 4), (33, 12), (24, 9), (1, 7), (1, 16), (34, 4), (31, 14), (3, 7), (14, 16), (3, 16), (32, 6), (33, 14), (24, 11), (1, 9), (29, 1), (16, 16), (6, 8), (34, 6), (31, 16), (20, 16), (23, 12), (4, 8), (27, 3), (27, 12), (30, 8), (8, 8), (33, 16), (1, 11), (6, 10), (20, 9), (4, 10), (27, 5), (32, 1), (30, 1), (27, 14), (30, 10), (8, 10), (10, 16), (1, 13), (25, 14), (6, 12), (20, 11), (23, 16), (12, 16), (4, 12), (27, 7), (30, 3), (27, 16), (30, 12), (25, 16), (31, 4), (29, 16), (6, 14), (21, 12), (23, 9), (4, 14), (34, 15), (27, 9), (30, 5), (33, 4), (30, 14), (25, 9), (32, 8), (2, 7), (2, 16), (31, 6), (6, 16), (4, 7), (34, 8), (27, 2), (28, 1), (4, 16), (27, 11), (30, 16), (19, 16), (8, 16), (32, 10), (6, 9), (7, 8)}",136,N/A,N/A
146,"(8, 11)","(8, 10)",North,"[(8, 12)]","[(33, 16), (29, 10), (29, 6), (31, 4), (26, 2), (19, 11), (19, 12), (3, 10)]","[(33, 16), (29, 10), (29, 6), (31, 4), (26, 2), (19, 11), (19, 12), (3, 10), (8, 12)]","{(34, 1), (21, 16), (4, 9), (34, 10), (27, 4), (27, 13), (30, 9), (8, 9), (32, 12), (1, 15), (26, 14), (6, 11), (21, 9), (34, 3), (34, 12), (27, 6), (8, 11), (11, 16), (32, 14), (1, 8), (26, 16), (15, 16), (6, 13), (34, 14), (22, 12), (27, 8), (30, 4), (28, 16), (30, 13), (17, 16), (5, 14), (33, 6), (32, 16), (24, 12), (26, 9), (25, 11), (1, 10), (31, 8), (34, 7), (27, 1), (34, 16), (30, 6), (5, 16), (33, 8), (1, 12), (26, 11), (31, 1), (18, 16), (7, 16), (31, 10), (20, 10), (22, 16), (4, 11), (33, 1), (9, 16), (33, 10), (24, 16), (13, 16), (25, 15), (1, 14), (31, 3), (34, 2), (31, 12), (34, 11), (22, 9), (20, 12), (4, 13), (32, 4), (33, 12), (24, 9), (1, 7), (1, 16), (34, 4), (31, 14), (3, 7), (14, 16), (3, 16), (32, 6), (33, 14), (24, 11), (1, 9), (29, 1), (16, 16), (6, 8), (34, 6), (31, 16), (20, 16), (23, 12), (4, 8), (27, 3), (27, 12), (30, 8), (8, 8), (33, 16), (1, 11), (6, 10), (20, 9), (4, 10), (27, 5), (32, 1), (30, 1), (27, 14), (30, 10), (8, 10), (10, 16), (1, 13), (25, 14), (6, 12), (20, 11), (23, 16), (12, 16), (4, 12), (27, 7), (30, 3), (27, 16), (30, 12), (25, 16), (31, 4), (29, 16), (6, 14), (21, 12), (23, 9), (4, 14), (34, 15), (27, 9), (30, 5), (33, 4), (30, 14), (25, 9), (32, 8), (2, 7), (2, 16), (31, 6), (6, 16), (4, 7), (34, 8), (27, 2), (28, 1), (4, 16), (27, 11), (30, 16), (19, 16), (8, 16), (32, 10), (6, 9), (7, 8)}",137,N/A,N/A
147,"(8, 12)","(8, 11)",North,"[(8, 13)]","[(33, 16), (29, 10), (29, 6), (31, 4), (26, 2), (19, 11), (19, 12), (3, 10)]","[(33, 16), (29, 10), (29, 6), (31, 4), (26, 2), (19, 11), (19, 12), (3, 10), (8, 13)]","{(34, 1), (21, 16), (4, 9), (34, 10), (27, 4), (27, 13), (30, 9), (8, 9), (32, 12), (1, 15), (26, 14), (6, 11), (21, 9), (34, 3), (34, 12), (27, 6), (8, 11), (11, 16), (32, 14), (1, 8), (26, 16), (15, 16), (6, 13), (34, 14), (22, 12), (27, 8), (30, 4), (28, 16), (30, 13), (17, 16), (5, 14), (33, 6), (32, 16), (24, 12), (26, 9), (25, 11), (1, 10), (31, 8), (34, 7), (27, 1), (34, 16), (30, 6), (5, 16), (33, 8), (1, 12), (26, 11), (31, 1), (18, 16), (7, 16), (31, 10), (20, 10), (22, 16), (4, 11), (33, 1), (9, 16), (33, 10), (24, 16), (13, 16), (25, 15), (1, 14), (31, 3), (34, 2), (31, 12), (34, 11), (22, 9), (20, 12), (4, 13), (32, 4), (33, 12), (24, 9), (1, 7), (1, 16), (34, 4), (31, 14), (3, 7), (14, 16), (3, 16), (32, 6), (33, 14), (24, 11), (1, 9), (29, 1), (16, 16), (6, 8), (34, 6), (31, 16), (20, 16), (23, 12), (4, 8), (27, 3), (27, 12), (30, 8), (8, 8), (33, 16), (1, 11), (6, 10), (20, 9), (4, 10), (27, 5), (32, 1), (30, 1), (27, 14), (30, 10), (8, 10), (10, 16), (1, 13), (25, 14), (6, 12), (20, 11), (23, 16), (12, 16), (4, 12), (27, 7), (30, 3), (27, 16), (30, 12), (8, 12), (25, 16), (31, 4), (29, 16), (6, 14), (21, 12), (23, 9), (4, 14), (34, 15), (27, 9), (30, 5), (33, 4), (30, 14), (25, 9), (32, 8), (2, 7), (2, 16), (31, 6), (6, 16), (4, 7), (34, 8), (27, 2), (28, 1), (4, 16), (27, 11), (30, 16), (19, 16), (8, 16), (32, 10), (6, 9), (7, 8)}",138,N/A,N/A
148,"(8, 13)","(8, 12)",North,"[(8, 14)]","[(33, 16), (29, 10), (29, 6), (31, 4), (26, 2), (19, 11), (19, 12), (3, 10)]","[(33, 16), (29, 10), (29, 6), (31, 4), (26, 2), (19, 11), (19, 12), (3, 10), (8, 14)]","{(34, 1), (21, 16), (4, 9), (34, 10), (27, 4), (27, 13), (30, 9), (8, 9), (32, 12), (1, 15), (26, 14), (6, 11), (21, 9), (34, 3), (34, 12), (27, 6), (8, 11), (11, 16), (32, 14), (1, 8), (26, 16), (15, 16), (6, 13), (34, 14), (22, 12), (27, 8), (30, 4), (28, 16), (30, 13), (17, 16), (5, 14), (33, 6), (32, 16), (24, 12), (26, 9), (25, 11), (1, 10), (31, 8), (34, 7), (27, 1), (34, 16), (30, 6), (5, 16), (33, 8), (1, 12), (26, 11), (31, 1), (18, 16), (7, 16), (31, 10), (20, 10), (22, 16), (4, 11), (33, 1), (9, 16), (33, 10), (24, 16), (13, 16), (25, 15), (1, 14), (31, 3), (34, 2), (31, 12), (34, 11), (22, 9), (20, 12), (4, 13), (32, 4), (8, 13), (33, 12), (24, 9), (1, 7), (1, 16), (34, 4), (31, 14), (3, 7), (14, 16), (3, 16), (32, 6), (33, 14), (24, 11), (1, 9), (29, 1), (16, 16), (6, 8), (34, 6), (31, 16), (20, 16), (23, 12), (4, 8), (27, 3), (27, 12), (30, 8), (8, 8), (33, 16), (1, 11), (6, 10), (20, 9), (4, 10), (27, 5), (32, 1), (30, 1), (27, 14), (30, 10), (8, 10), (10, 16), (1, 13), (25, 14), (6, 12), (20, 11), (23, 16), (12, 16), (4, 12), (27, 7), (30, 3), (27, 16), (30, 12), (8, 12), (25, 16), (31, 4), (29, 16), (6, 14), (21, 12), (23, 9), (4, 14), (34, 15), (27, 9), (30, 5), (33, 4), (30, 14), (25, 9), (32, 8), (2, 7), (2, 16), (31, 6), (6, 16), (4, 7), (34, 8), (27, 2), (28, 1), (4, 16), (27, 11), (30, 16), (19, 16), (8, 16), (32, 10), (6, 9), (7, 8)}",139,N/A,N/A
149,"(8, 14)","(8, 13)",North,"[(9, 14)]","[(33, 16), (29, 10), (29, 6), (31, 4), (26, 2), (19, 11), (19, 12), (3, 10)]","[(33, 16), (29, 10), (29, 6), (31, 4), (26, 2), (19, 11), (19, 12), (3, 10), (9, 14)]","{(34, 1), (21, 16), (4, 9), (34, 10), (27, 4), (27, 13), (30, 9), (8, 9), (32, 12), (1, 15), (26, 14), (6, 11), (21, 9), (34, 3), (34, 12), (27, 6), (8, 11), (11, 16), (32, 14), (1, 8), (26, 16), (15, 16), (6, 13), (34, 14), (22, 12), (27, 8), (30, 4), (28, 16), (30, 13), (17, 16), (5, 14), (33, 6), (32, 16), (24, 12), (26, 9), (25, 11), (1, 10), (31, 8), (34, 7), (27, 1), (34, 16), (30, 6), (5, 16), (33, 8), (1, 12), (26, 11), (31, 1), (18, 16), (7, 16), (31, 10), (20, 10), (22, 16), (4, 11), (33, 1), (9, 16), (33, 10), (24, 16), (13, 16), (25, 15), (1, 14), (31, 3), (34, 2), (31, 12), (34, 11), (22, 9), (20, 12), (4, 13), (32, 4), (8, 13), (33, 12), (24, 9), (1, 7), (1, 16), (34, 4), (31, 14), (3, 7), (14, 16), (3, 16), (32, 6), (33, 14), (24, 11), (1, 9), (29, 1), (16, 16), (6, 8), (34, 6), (31, 16), (20, 16), (23, 12), (4, 8), (27, 3), (27, 12), (30, 8), (8, 8), (33, 16), (1, 11), (6, 10), (20, 9), (4, 10), (27, 5), (32, 1), (30, 1), (27, 14), (30, 10), (8, 10), (10, 16), (1, 13), (25, 14), (6, 12), (20, 11), (23, 16), (12, 16), (4, 12), (27, 7), (30, 3), (27, 16), (30, 12), (8, 12), (25, 16), (31, 4), (29, 16), (6, 14), (21, 12), (23, 9), (4, 14), (34, 15), (27, 9), (30, 5), (33, 4), (30, 14), (8, 14), (25, 9), (32, 8), (2, 7), (2, 16), (31, 6), (6, 16), (4, 7), (34, 8), (27, 2), (28, 1), (4, 16), (27, 11), (30, 16), (19, 16), (8, 16), (32, 10), (6, 9), (7, 8)}",140,N/A,N/A
150,"(9, 14)","(8, 14)",East,"[(10, 14)]","[(33, 16), (29, 10), (29, 6), (31, 4), (26, 2), (19, 11), (19, 12), (3, 10)]","[(33, 16), (29, 10), (29, 6), (31, 4), (26, 2), (19, 11), (19, 12), (3, 10), (10, 14)]","{(34, 1), (21, 16), (4, 9), (34, 10), (27, 4), (27, 13), (30, 9), (8, 9), (32, 12), (1, 15), (26, 14), (6, 11), (21, 9), (34, 3), (34, 12), (27, 6), (8, 11), (11, 16), (32, 14), (1, 8), (26, 16), (15, 16), (6, 13), (34, 14), (22, 12), (27, 8), (30, 4), (28, 16), (30, 13), (17, 16), (5, 14), (33, 6), (32, 16), (24, 12), (26, 9), (25, 11), (1, 10), (31, 8), (34, 7), (27, 1), (34, 16), (30, 6), (5, 16), (9, 14), (33, 8), (1, 12), (26, 11), (31, 1), (18, 16), (7, 16), (31, 10), (20, 10), (22, 16), (4, 11), (33, 1), (9, 16), (33, 10), (24, 16), (13, 16), (25, 15), (1, 14), (31, 3), (34, 2), (31, 12), (34, 11), (22, 9), (20, 12), (4, 13), (32, 4), (8, 13), (33, 12), (24, 9), (1, 7), (1, 16), (34, 4), (31, 14), (3, 7), (14, 16), (3, 16), (32, 6), (33, 14), (24, 11), (1, 9), (29, 1), (16, 16), (6, 8), (34, 6), (31, 16), (20, 16), (23, 12), (4, 8), (27, 3), (27, 12), (30, 8), (8, 8), (33, 16), (1, 11), (6, 10), (20, 9), (4, 10), (27, 5), (32, 1), (30, 1), (27, 14), (30, 10), (8, 10), (10, 16), (1, 13), (25, 14), (6, 12), (20, 11), (23, 16), (12, 16), (4, 12), (27, 7), (30, 3), (27, 16), (30, 12), (8, 12), (25, 16), (31, 4), (29, 16), (6, 14), (21, 12), (23, 9), (4, 14), (34, 15), (27, 9), (30, 5), (33, 4), (30, 14), (8, 14), (25, 9), (32, 8), (2, 7), (2, 16), (31, 6), (6, 16), (4, 7), (34, 8), (27, 2), (28, 1), (4, 16), (27, 11), (30, 16), (19, 16), (8, 16), (32, 10), (6, 9), (7, 8)}",141,N/A,N/A
151,"(10, 14)","(9, 14)",East,"[(10, 13)]","[(33, 16), (29, 10), (29, 6), (31, 4), (26, 2), (19, 11), (19, 12), (3, 10)]","[(33, 16), (29, 10), (29, 6), (31, 4), (26, 2), (19, 11), (19, 12), (3, 10), (10, 13)]","{(34, 1), (21, 16), (4, 9), (34, 10), (27, 4), (27, 13), (30, 9), (8, 9), (32, 12), (1, 15), (26, 14), (6, 11), (21, 9), (34, 3), (34, 12), (27, 6), (8, 11), (11, 16), (32, 14), (1, 8), (26, 16), (15, 16), (6, 13), (34, 14), (22, 12), (27, 8), (30, 4), (28, 16), (30, 13), (17, 16), (5, 14), (33, 6), (32, 16), (24, 12), (26, 9), (25, 11), (1, 10), (31, 8), (34, 7), (27, 1), (34, 16), (30, 6), (5, 16), (9, 14), (33, 8), (1, 12), (26, 11), (31, 1), (18, 16), (7, 16), (31, 10), (20, 10), (22, 16), (4, 11), (33, 1), (9, 16), (33, 10), (24, 16), (13, 16), (25, 15), (1, 14), (31, 3), (34, 2), (31, 12), (34, 11), (22, 9), (20, 12), (4, 13), (32, 4), (8, 13), (33, 12), (24, 9), (1, 7), (1, 16), (34, 4), (31, 14), (3, 7), (14, 16), (3, 16), (32, 6), (33, 14), (24, 11), (1, 9), (29, 1), (16, 16), (6, 8), (34, 6), (31, 16), (20, 16), (23, 12), (4, 8), (27, 3), (27, 12), (30, 8), (8, 8), (33, 16), (1, 11), (10, 14), (6, 10), (20, 9), (4, 10), (27, 5), (32, 1), (30, 1), (27, 14), (30, 10), (8, 10), (10, 16), (1, 13), (25, 14), (6, 12), (20, 11), (23, 16), (12, 16), (4, 12), (27, 7), (30, 3), (27, 16), (30, 12), (8, 12), (25, 16), (31, 4), (29, 16), (6, 14), (21, 12), (23, 9), (4, 14), (34, 15), (27, 9), (30, 5), (33, 4), (30, 14), (8, 14), (25, 9), (32, 8), (2, 7), (2, 16), (31, 6), (6, 16), (4, 7), (34, 8), (27, 2), (28, 1), (4, 16), (27, 11), (30, 16), (19, 16), (8, 16), (32, 10), (6, 9), (7, 8)}",142,N/A,N/A
152,"(10, 13)","(10, 14)",South,"[(10, 12)]","[(33, 16), (29, 10), (29, 6), (31, 4), (26, 2), (19, 11), (19, 12), (3, 10)]","[(33, 16), (29, 10), (29, 6), (31, 4), (26, 2), (19, 11), (19, 12), (3, 10), (10, 12)]","{(34, 1), (21, 16), (4, 9), (34, 10), (27, 4), (27, 13), (30, 9), (8, 9), (32, 12), (1, 15), (26, 14), (6, 11), (21, 9), (34, 3), (34, 12), (27, 6), (8, 11), (11, 16), (32, 14), (1, 8), (26, 16), (15, 16), (6, 13), (34, 14), (22, 12), (27, 8), (30, 4), (28, 16), (30, 13), (17, 16), (5, 14), (33, 6), (32, 16), (24, 12), (26, 9), (25, 11), (1, 10), (31, 8), (34, 7), (27, 1), (34, 16), (30, 6), (5, 16), (9, 14), (33, 8), (1, 12), (26, 11), (31, 1), (18, 16), (7, 16), (31, 10), (20, 10), (22, 16), (4, 11), (33, 1), (9, 16), (33, 10), (24, 16), (13, 16), (25, 15), (1, 14), (31, 3), (34, 2), (31, 12), (34, 11), (22, 9), (20, 12), (4, 13), (32, 4), (8, 13), (33, 12), (24, 9), (1, 7), (1, 16), (34, 4), (31, 14), (3, 7), (14, 16), (3, 16), (32, 6), (33, 14), (24, 11), (1, 9), (29, 1), (16, 16), (6, 8), (34, 6), (31, 16), (20, 16), (23, 12), (4, 8), (27, 3), (27, 12), (30, 8), (8, 8), (33, 16), (1, 11), (10, 14), (6, 10), (20, 9), (4, 10), (27, 5), (32, 1), (30, 1), (27, 14), (30, 10), (8, 10), (10, 16), (1, 13), (25, 14), (6, 12), (20, 11), (23, 16), (12, 16), (4, 12), (27, 7), (30, 3), (27, 16), (30, 12), (8, 12), (25, 16), (31, 4), (29, 16), (6, 14), (21, 12), (23, 9), (4, 14), (34, 15), (27, 9), (30, 5), (33, 4), (30, 14), (8, 14), (25, 9), (32, 8), (2, 7), (2, 16), (31, 6), (6, 16), (4, 7), (34, 8), (27, 2), (28, 1), (4, 16), (27, 11), (30, 16), (19, 16), (8, 16), (10, 13), (32, 10), (6, 9), (7, 8)}",143,N/A,N/A
153,"(10, 12)","(10, 13)",South,"[(10, 11)]","[(33, 16), (29, 10), (29, 6), (31, 4), (26, 2), (19, 11), (19, 12), (3, 10)]","[(33, 16), (29, 10), (29, 6), (31, 4), (26, 2), (19, 11), (19, 12), (3, 10), (10, 11)]","{(34, 1), (21, 16), (4, 9), (34, 10), (27, 4), (27, 13), (30, 9), (8, 9), (32, 12), (1, 15), (26, 14), (6, 11), (21, 9), (34, 3), (34, 12), (27, 6), (8, 11), (11, 16), (32, 14), (1, 8), (26, 16), (15, 16), (6, 13), (34, 14), (22, 12), (27, 8), (30, 4), (28, 16), (30, 13), (17, 16), (5, 14), (33, 6), (32, 16), (24, 12), (26, 9), (25, 11), (1, 10), (31, 8), (34, 7), (27, 1), (34, 16), (30, 6), (5, 16), (9, 14), (33, 8), (1, 12), (26, 11), (31, 1), (18, 16), (7, 16), (31, 10), (20, 10), (22, 16), (4, 11), (33, 1), (9, 16), (33, 10), (24, 16), (13, 16), (25, 15), (1, 14), (31, 3), (34, 2), (31, 12), (34, 11), (22, 9), (20, 12), (4, 13), (32, 4), (8, 13), (33, 12), (24, 9), (1, 7), (1, 16), (34, 4), (31, 14), (3, 7), (14, 16), (3, 16), (32, 6), (33, 14), (24, 11), (1, 9), (10, 12), (29, 1), (16, 16), (6, 8), (34, 6), (31, 16), (20, 16), (23, 12), (4, 8), (27, 3), (27, 12), (30, 8), (8, 8), (33, 16), (1, 11), (10, 14), (6, 10), (20, 9), (4, 10), (27, 5), (32, 1), (30, 1), (27, 14), (30, 10), (8, 10), (10, 16), (1, 13), (25, 14), (6, 12), (20, 11), (23, 16), (12, 16), (4, 12), (27, 7), (30, 3), (27, 16), (30, 12), (8, 12), (25, 16), (31, 4), (29, 16), (6, 14), (21, 12), (23, 9), (4, 14), (34, 15), (27, 9), (30, 5), (33, 4), (30, 14), (8, 14), (25, 9), (32, 8), (2, 7), (2, 16), (31, 6), (6, 16), (4, 7), (34, 8), (27, 2), (28, 1), (4, 16), (27, 11), (30, 16), (19, 16), (8, 16), (10, 13), (32, 10), (6, 9), (7, 8)}",144,N/A,N/A
154,"(10, 11)","(10, 12)",South,"[(10, 10)]","[(33, 16), (29, 10), (29, 6), (31, 4), (26, 2), (19, 11), (19, 12), (3, 10)]","[(33, 16), (29, 10), (29, 6), (31, 4), (26, 2), (19, 11), (19, 12), (3, 10), (10, 10)]","{(34, 1), (21, 16), (4, 9), (34, 10), (27, 4), (27, 13), (30, 9), (8, 9), (32, 12), (1, 15), (26, 14), (6, 11), (21, 9), (34, 3), (34, 12), (27, 6), (8, 11), (11, 16), (32, 14), (1, 8), (26, 16), (15, 16), (6, 13), (34, 14), (22, 12), (27, 8), (30, 4), (28, 16), (30, 13), (17, 16), (5, 14), (33, 6), (32, 16), (24, 12), (26, 9), (25, 11), (1, 10), (31, 8), (34, 7), (27, 1), (34, 16), (30, 6), (5, 16), (9, 14), (33, 8), (1, 12), (26, 11), (31, 1), (18, 16), (7, 16), (31, 10), (20, 10), (22, 16), (4, 11), (33, 1), (9, 16), (33, 10), (24, 16), (13, 16), (25, 15), (1, 14), (31, 3), (34, 2), (31, 12), (34, 11), (22, 9), (20, 12), (4, 13), (32, 4), (8, 13), (33, 12), (24, 9), (1, 7), (1, 16), (34, 4), (31, 14), (3, 7), (14, 16), (3, 16), (32, 6), (33, 14), (24, 11), (1, 9), (10, 12), (29, 1), (16, 16), (6, 8), (34, 6), (31, 16), (20, 16), (23, 12), (4, 8), (27, 3), (27, 12), (30, 8), (8, 8), (33, 16), (1, 11), (10, 14), (6, 10), (20, 9), (4, 10), (27, 5), (32, 1), (30, 1), (27, 14), (30, 10), (8, 10), (10, 16), (1, 13), (25, 14), (6, 12), (20, 11), (23, 16), (12, 16), (4, 12), (27, 7), (30, 3), (27, 16), (30, 12), (8, 12), (25, 16), (31, 4), (29, 16), (6, 14), (21, 12), (23, 9), (4, 14), (34, 15), (27, 9), (30, 5), (33, 4), (30, 14), (8, 14), (10, 11), (25, 9), (32, 8), (2, 7), (2, 16), (31, 6), (6, 16), (4, 7), (34, 8), (27, 2), (28, 1), (4, 16), (27, 11), (30, 16), (19, 16), (8, 16), (10, 13), (32, 10), (6, 9), (7, 8)}",145,N/A,N/A
155,"(10, 10)","(10, 11)",South,"[(11, 10)]","[(33, 16), (29, 10), (29, 6), (31, 4), (26, 2), (19, 11), (19, 12), (3, 10)]","[(33, 16), (29, 10), (29, 6), (31, 4), (26, 2), (19, 11), (19, 12), (3, 10), (11, 10)]","{(34, 1), (21, 16), (4, 9), (34, 10), (27, 4), (27, 13), (30, 9), (8, 9), (32, 12), (1, 15), (26, 14), (6, 11), (21, 9), (34, 3), (34, 12), (27, 6), (8, 11), (11, 16), (32, 14), (1, 8), (26, 16), (15, 16), (6, 13), (34, 14), (22, 12), (27, 8), (30, 4), (28, 16), (30, 13), (17, 16), (5, 14), (33, 6), (32, 16), (24, 12), (26, 9), (25, 11), (1, 10), (31, 8), (34, 7), (27, 1), (34, 16), (30, 6), (5, 16), (9, 14), (33, 8), (1, 12), (26, 11), (31, 1), (18, 16), (7, 16), (31, 10), (20, 10), (22, 16), (4, 11), (33, 1), (9, 16), (33, 10), (24, 16), (13, 16), (25, 15), (1, 14), (31, 3), (34, 2), (31, 12), (34, 11), (22, 9), (20, 12), (4, 13), (32, 4), (8, 13), (33, 12), (24, 9), (1, 7), (10, 10), (1, 16), (34, 4), (31, 14), (3, 7), (14, 16), (3, 16), (32, 6), (33, 14), (24, 11), (1, 9), (10, 12), (29, 1), (16, 16), (6, 8), (34, 6), (31, 16), (20, 16), (23, 12), (4, 8), (27, 3), (27, 12), (30, 8), (8, 8), (33, 16), (1, 11), (10, 14), (6, 10), (20, 9), (4, 10), (27, 5), (32, 1), (30, 1), (27, 14), (30, 10), (8, 10), (10, 16), (1, 13), (25, 14), (6, 12), (20, 11), (23, 16), (12, 16), (4, 12), (27, 7), (30, 3), (27, 16), (30, 12), (8, 12), (25, 16), (31, 4), (29, 16), (6, 14), (21, 12), (23, 9), (4, 14), (34, 15), (27, 9), (30, 5), (33, 4), (30, 14), (8, 14), (10, 11), (25, 9), (32, 8), (2, 7), (2, 16), (31, 6), (6, 16), (4, 7), (34, 8), (27, 2), (28, 1), (4, 16), (27, 11), (30, 16), (19, 16), (8, 16), (10, 13), (32, 10), (6, 9), (7, 8)}",146,N/A,N/A
156,"(11, 10)","(10, 10)",East,"[(12, 10)]","[(33, 16), (29, 10), (29, 6), (31, 4), (26, 2), (19, 11), (19, 12), (3, 10)]","[(33, 16), (29, 10), (29, 6), (31, 4), (26, 2), (19, 11), (19, 12), (3, 10), (12, 10)]","{(34, 1), (21, 16), (4, 9), (34, 10), (27, 4), (27, 13), (30, 9), (8, 9), (32, 12), (1, 15), (26, 14), (6, 11), (21, 9), (34, 3), (34, 12), (27, 6), (8, 11), (11, 16), (32, 14), (1, 8), (26, 16), (15, 16), (6, 13), (34, 14), (22, 12), (27, 8), (30, 4), (28, 16), (30, 13), (17, 16), (5, 14), (33, 6), (32, 16), (24, 12), (26, 9), (25, 11), (1, 10), (31, 8), (34, 7), (27, 1), (34, 16), (30, 6), (5, 16), (9, 14), (33, 8), (1, 12), (26, 11), (31, 1), (18, 16), (7, 16), (31, 10), (20, 10), (22, 16), (4, 11), (33, 1), (9, 16), (33, 10), (24, 16), (13, 16), (25, 15), (1, 14), (31, 3), (34, 2), (31, 12), (34, 11), (22, 9), (20, 12), (4, 13), (32, 4), (8, 13), (33, 12), (24, 9), (1, 7), (10, 10), (1, 16), (34, 4), (31, 14), (3, 7), (14, 16), (3, 16), (32, 6), (33, 14), (24, 11), (1, 9), (10, 12), (29, 1), (16, 16), (6, 8), (34, 6), (31, 16), (20, 16), (23, 12), (4, 8), (27, 3), (27, 12), (30, 8), (8, 8), (33, 16), (1, 11), (10, 14), (6, 10), (20, 9), (4, 10), (27, 5), (32, 1), (30, 1), (27, 14), (30, 10), (8, 10), (10, 16), (1, 13), (25, 14), (6, 12), (20, 11), (23, 16), (12, 16), (4, 12), (27, 7), (30, 3), (27, 16), (30, 12), (8, 12), (25, 16), (31, 4), (29, 16), (6, 14), (21, 12), (23, 9), (4, 14), (34, 15), (27, 9), (30, 5), (33, 4), (30, 14), (8, 14), (10, 11), (11, 10), (25, 9), (32, 8), (2, 7), (2, 16), (31, 6), (6, 16), (4, 7), (34, 8), (27, 2), (28, 1), (4, 16), (27, 11), (30, 16), (19, 16), (8, 16), (10, 13), (32, 10), (6, 9), (7, 8)}",147,N/A,N/A
157,"(12, 10)","(11, 10)",East,"[(12, 11)]","[(33, 16), (29, 10), (29, 6), (31, 4), (26, 2), (19, 11), (19, 12), (3, 10)]","[(33, 16), (29, 10), (29, 6), (31, 4), (26, 2), (19, 11), (19, 12), (3, 10), (12, 11)]","{(34, 1), (21, 16), (4, 9), (34, 10), (27, 4), (27, 13), (30, 9), (8, 9), (32, 12), (1, 15), (26, 14), (6, 11), (21, 9), (34, 3), (34, 12), (27, 6), (8, 11), (11, 16), (32, 14), (1, 8), (26, 16), (15, 16), (6, 13), (34, 14), (22, 12), (27, 8), (30, 4), (28, 16), (30, 13), (17, 16), (5, 14), (33, 6), (32, 16), (24, 12), (26, 9), (25, 11), (1, 10), (31, 8), (34, 7), (27, 1), (34, 16), (30, 6), (5, 16), (9, 14), (33, 8), (1, 12), (26, 11), (31, 1), (18, 16), (7, 16), (31, 10), (20, 10), (22, 16), (4, 11), (33, 1), (9, 16), (33, 10), (24, 16), (13, 16), (25, 15), (1, 14), (31, 3), (34, 2), (31, 12), (34, 11), (22, 9), (20, 12), (4, 13), (32, 4), (8, 13), (33, 12), (24, 9), (1, 7), (10, 10), (1, 16), (34, 4), (31, 14), (12, 10), (3, 7), (14, 16), (3, 16), (32, 6), (33, 14), (24, 11), (1, 9), (10, 12), (29, 1), (16, 16), (6, 8), (34, 6), (31, 16), (20, 16), (23, 12), (4, 8), (27, 3), (27, 12), (30, 8), (8, 8), (33, 16), (1, 11), (10, 14), (6, 10), (20, 9), (4, 10), (27, 5), (32, 1), (30, 1), (27, 14), (30, 10), (8, 10), (10, 16), (1, 13), (25, 14), (6, 12), (20, 11), (23, 16), (12, 16), (4, 12), (27, 7), (30, 3), (27, 16), (30, 12), (8, 12), (25, 16), (31, 4), (29, 16), (6, 14), (21, 12), (23, 9), (4, 14), (34, 15), (27, 9), (30, 5), (33, 4), (30, 14), (8, 14), (10, 11), (11, 10), (25, 9), (32, 8), (2, 7), (2, 16), (31, 6), (6, 16), (4, 7), (34, 8), (27, 2), (28, 1), (4, 16), (27, 11), (30, 16), (19, 16), (8, 16), (10, 13), (32, 10), (6, 9), (7, 8)}",148,N/A,N/A
158,"(12, 11)","(12, 10)",North,"[(12, 12)]","[(33, 16), (29, 10), (29, 6), (31, 4), (26, 2), (19, 11), (19, 12), (3, 10)]","[(33, 16), (29, 10), (29, 6), (31, 4), (26, 2), (19, 11), (19, 12), (3, 10), (12, 12)]","{(34, 1), (21, 16), (4, 9), (34, 10), (27, 4), (27, 13), (30, 9), (8, 9), (32, 12), (1, 15), (26, 14), (6, 11), (21, 9), (34, 3), (34, 12), (27, 6), (8, 11), (11, 16), (32, 14), (1, 8), (26, 16), (15, 16), (6, 13), (34, 14), (22, 12), (27, 8), (30, 4), (28, 16), (30, 13), (17, 16), (5, 14), (33, 6), (32, 16), (24, 12), (26, 9), (25, 11), (1, 10), (31, 8), (34, 7), (27, 1), (34, 16), (30, 6), (5, 16), (9, 14), (33, 8), (1, 12), (26, 11), (31, 1), (18, 16), (7, 16), (31, 10), (20, 10), (22, 16), (4, 11), (33, 1), (9, 16), (33, 10), (24, 16), (13, 16), (25, 15), (1, 14), (31, 3), (34, 2), (31, 12), (34, 11), (22, 9), (20, 12), (4, 13), (32, 4), (8, 13), (33, 12), (24, 9), (1, 7), (10, 10), (1, 16), (34, 4), (31, 14), (12, 10), (3, 7), (14, 16), (3, 16), (32, 6), (33, 14), (24, 11), (1, 9), (10, 12), (29, 1), (16, 16), (6, 8), (34, 6), (31, 16), (20, 16), (23, 12), (4, 8), (27, 3), (27, 12), (30, 8), (8, 8), (33, 16), (1, 11), (10, 14), (6, 10), (20, 9), (4, 10), (27, 5), (32, 1), (30, 1), (27, 14), (30, 10), (8, 10), (10, 16), (1, 13), (25, 14), (6, 12), (20, 11), (23, 16), (12, 16), (4, 12), (27, 7), (30, 3), (27, 16), (30, 12), (8, 12), (25, 16), (31, 4), (29, 16), (6, 14), (21, 12), (23, 9), (4, 14), (34, 15), (27, 9), (30, 5), (33, 4), (30, 14), (8, 14), (10, 11), (11, 10), (25, 9), (32, 8), (2, 7), (2, 16), (31, 6), (6, 16), (12, 11), (4, 7), (34, 8), (27, 2), (28, 1), (4, 16), (27, 11), (30, 16), (19, 16), (8, 16), (10, 13), (32, 10), (6, 9), (7, 8)}",149,N/A,N/A
159,"(12, 12)","(12, 11)",North,"[(13, 12), (12, 13)]","[(33, 16), (29, 10), (29, 6), (31, 4), (26, 2), (19, 11), (19, 12), (3, 10)]","[(33, 16), (29, 10), (29, 6), (31, 4), (26, 2), (19, 11), (19, 12), (3, 10), (13, 12), (12, 13)]","{(34, 1), (21, 16), (4, 9), (34, 10), (27, 4), (27, 13), (30, 9), (8, 9), (32, 12), (1, 15), (26, 14), (6, 11), (21, 9), (34, 3), (34, 12), (27, 6), (8, 11), (11, 16), (32, 14), (1, 8), (26, 16), (15, 16), (6, 13), (34, 14), (22, 12), (27, 8), (30, 4), (28, 16), (30, 13), (17, 16), (5, 14), (33, 6), (32, 16), (24, 12), (26, 9), (25, 11), (1, 10), (31, 8), (34, 7), (27, 1), (34, 16), (30, 6), (5, 16), (9, 14), (33, 8), (1, 12), (26, 11), (31, 1), (18, 16), (7, 16), (31, 10), (20, 10), (22, 16), (4, 11), (33, 1), (9, 16), (33, 10), (24, 16), (13, 16), (25, 15), (1, 14), (31, 3), (34, 2), (31, 12), (34, 11), (22, 9), (20, 12), (4, 13), (32, 4), (8, 13), (33, 12), (24, 9), (1, 7), (10, 10), (1, 16), (34, 4), (31, 14), (12, 10), (3, 7), (14, 16), (3, 16), (32, 6), (33, 14), (24, 11), (1, 9), (10, 12), (29, 1), (16, 16), (6, 8), (34, 6), (31, 16), (20, 16), (23, 12), (12, 12), (4, 8), (27, 3), (27, 12), (30, 8), (8, 8), (33, 16), (1, 11), (10, 14), (6, 10), (20, 9), (4, 10), (27, 5), (32, 1), (30, 1), (27, 14), (30, 10), (8, 10), (10, 16), (1, 13), (25, 14), (6, 12), (20, 11), (23, 16), (12, 16), (4, 12), (27, 7), (30, 3), (27, 16), (30, 12), (8, 12), (25, 16), (31, 4), (29, 16), (6, 14), (21, 12), (23, 9), (4, 14), (34, 15), (27, 9), (30, 5), (33, 4), (30, 14), (8, 14), (10, 11), (11, 10), (25, 9), (32, 8), (2, 7), (2, 16), (31, 6), (6, 16), (12, 11), (4, 7), (34, 8), (27, 2), (28, 1), (4, 16), (27, 11), (30, 16), (19, 16), (8, 16), (10, 13), (32, 10), (6, 9), (7, 8)}",150,N/A,N/A
160,"(12, 13)","(12, 12)",North,"[(12, 14)]","[(33, 16), (29, 10), (29, 6), (31, 4), (26, 2), (19, 11), (19, 12), (3, 10), (13, 12)]","[(33, 16), (29, 10), (29, 6), (31, 4), (26, 2), (19, 11), (19, 12), (3, 10), (13, 12), (12, 14)]","{(34, 1), (21, 16), (4, 9), (34, 10), (27, 4), (27, 13), (30, 9), (8, 9), (32, 12), (1, 15), (26, 14), (6, 11), (21, 9), (34, 3), (34, 12), (27, 6), (8, 11), (11, 16), (32, 14), (1, 8), (26, 16), (15, 16), (6, 13), (34, 14), (22, 12), (27, 8), (30, 4), (28, 16), (30, 13), (17, 16), (5, 14), (33, 6), (32, 16), (24, 12), (26, 9), (25, 11), (1, 10), (31, 8), (34, 7), (27, 1), (34, 16), (12, 13), (30, 6), (5, 16), (9, 14), (33, 8), (1, 12), (26, 11), (31, 1), (18, 16), (7, 16), (31, 10), (20, 10), (22, 16), (4, 11), (33, 1), (9, 16), (33, 10), (24, 16), (13, 16), (25, 15), (1, 14), (31, 3), (34, 2), (31, 12), (34, 11), (22, 9), (20, 12), (4, 13), (32, 4), (8, 13), (33, 12), (24, 9), (1, 7), (10, 10), (1, 16), (34, 4), (31, 14), (12, 10), (3, 7), (14, 16), (3, 16), (32, 6), (33, 14), (24, 11), (1, 9), (10, 12), (29, 1), (16, 16), (6, 8), (34, 6), (31, 16), (20, 16), (23, 12), (12, 12), (4, 8), (27, 3), (27, 12), (30, 8), (8, 8), (33, 16), (1, 11), (10, 14), (6, 10), (20, 9), (4, 10), (27, 5), (32, 1), (30, 1), (27, 14), (30, 10), (8, 10), (10, 16), (1, 13), (25, 14), (6, 12), (20, 11), (23, 16), (12, 16), (4, 12), (27, 7), (30, 3), (27, 16), (30, 12), (8, 12), (25, 16), (31, 4), (29, 16), (6, 14), (21, 12), (23, 9), (4, 14), (34, 15), (27, 9), (30, 5), (33, 4), (30, 14), (8, 14), (10, 11), (11, 10), (25, 9), (32, 8), (2, 7), (2, 16), (31, 6), (6, 16), (12, 11), (4, 7), (34, 8), (27, 2), (28, 1), (4, 16), (27, 11), (30, 16), (19, 16), (8, 16), (10, 13), (32, 10), (6, 9), (7, 8)}",151,N/A,N/A
161,"(12, 14)","(12, 13)",North,"[(13, 14)]","[(33, 16), (29, 10), (29, 6), (31, 4), (26, 2), (19, 11), (19, 12), (3, 10), (13, 12)]","[(33, 16), (29, 10), (29, 6), (31, 4), (26, 2), (19, 11), (19, 12), (3, 10), (13, 12), (13, 14)]","{(34, 1), (21, 16), (4, 9), (34, 10), (27, 4), (27, 13), (30, 9), (8, 9), (32, 12), (1, 15), (26, 14), (6, 11), (21, 9), (34, 3), (34, 12), (27, 6), (8, 11), (11, 16), (32, 14), (1, 8), (26, 16), (15, 16), (6, 13), (34, 14), (22, 12), (27, 8), (30, 4), (28, 16), (30, 13), (17, 16), (5, 14), (33, 6), (32, 16), (24, 12), (26, 9), (25, 11), (1, 10), (31, 8), (34, 7), (27, 1), (34, 16), (12, 13), (30, 6), (5, 16), (9, 14), (33, 8), (1, 12), (26, 11), (31, 1), (18, 16), (7, 16), (31, 10), (20, 10), (22, 16), (4, 11), (33, 1), (9, 16), (33, 10), (24, 16), (13, 16), (25, 15), (1, 14), (31, 3), (34, 2), (31, 12), (34, 11), (22, 9), (20, 12), (4, 13), (32, 4), (8, 13), (33, 12), (24, 9), (1, 7), (10, 10), (1, 16), (34, 4), (31, 14), (12, 10), (3, 7), (14, 16), (3, 16), (32, 6), (33, 14), (24, 11), (1, 9), (10, 12), (29, 1), (16, 16), (6, 8), (34, 6), (31, 16), (20, 16), (23, 12), (12, 12), (4, 8), (27, 3), (27, 12), (30, 8), (8, 8), (33, 16), (1, 11), (10, 14), (6, 10), (20, 9), (12, 14), (4, 10), (27, 5), (32, 1), (30, 1), (27, 14), (30, 10), (8, 10), (10, 16), (1, 13), (25, 14), (6, 12), (20, 11), (23, 16), (12, 16), (4, 12), (27, 7), (30, 3), (27, 16), (30, 12), (8, 12), (25, 16), (31, 4), (29, 16), (6, 14), (21, 12), (23, 9), (4, 14), (34, 15), (27, 9), (30, 5), (33, 4), (30, 14), (8, 14), (10, 11), (11, 10), (25, 9), (32, 8), (2, 7), (2, 16), (31, 6), (6, 16), (12, 11), (4, 7), (34, 8), (27, 2), (28, 1), (4, 16), (27, 11), (30, 16), (19, 16), (8, 16), (10, 13), (32, 10), (6, 9), (7, 8)}",152,N/A,N/A
162,"(13, 14)","(12, 14)",East,"[(14, 14)]","[(33, 16), (29, 10), (29, 6), (31, 4), (26, 2), (19, 11), (19, 12), (3, 10), (13, 12)]","[(33, 16), (29, 10), (29, 6), (31, 4), (26, 2), (19, 11), (19, 12), (3, 10), (13, 12), (14, 14)]","{(34, 1), (21, 16), (4, 9), (34, 10), (27, 4), (27, 13), (30, 9), (8, 9), (32, 12), (1, 15), (26, 14), (6, 11), (21, 9), (34, 3), (34, 12), (27, 6), (8, 11), (11, 16), (32, 14), (1, 8), (26, 16), (15, 16), (6, 13), (34, 14), (22, 12), (27, 8), (30, 4), (28, 16), (30, 13), (17, 16), (5, 14), (33, 6), (32, 16), (24, 12), (26, 9), (25, 11), (1, 10), (31, 8), (34, 7), (27, 1), (34, 16), (12, 13), (30, 6), (5, 16), (9, 14), (33, 8), (1, 12), (26, 11), (13, 14), (31, 1), (18, 16), (7, 16), (31, 10), (20, 10), (22, 16), (4, 11), (33, 1), (9, 16), (33, 10), (24, 16), (13, 16), (25, 15), (1, 14), (31, 3), (34, 2), (31, 12), (34, 11), (22, 9), (20, 12), (4, 13), (32, 4), (8, 13), (33, 12), (24, 9), (1, 7), (10, 10), (1, 16), (34, 4), (31, 14), (12, 10), (3, 7), (14, 16), (3, 16), (32, 6), (33, 14), (24, 11), (1, 9), (10, 12), (29, 1), (16, 16), (6, 8), (34, 6), (31, 16), (20, 16), (23, 12), (12, 12), (4, 8), (27, 3), (27, 12), (30, 8), (8, 8), (33, 16), (1, 11), (10, 14), (6, 10), (20, 9), (12, 14), (4, 10), (27, 5), (32, 1), (30, 1), (27, 14), (30, 10), (8, 10), (10, 16), (1, 13), (25, 14), (6, 12), (20, 11), (23, 16), (12, 16), (4, 12), (27, 7), (30, 3), (27, 16), (30, 12), (8, 12), (25, 16), (31, 4), (29, 16), (6, 14), (21, 12), (23, 9), (4, 14), (34, 15), (27, 9), (30, 5), (33, 4), (30, 14), (8, 14), (10, 11), (11, 10), (25, 9), (32, 8), (2, 7), (2, 16), (31, 6), (6, 16), (12, 11), (4, 7), (34, 8), (27, 2), (28, 1), (4, 16), (27, 11), (30, 16), (19, 16), (8, 16), (10, 13), (32, 10), (6, 9), (7, 8)}",153,N/A,N/A
163,"(14, 14)","(13, 14)",East,"[(15, 14)]","[(33, 16), (29, 10), (29, 6), (31, 4), (26, 2), (19, 11), (19, 12), (3, 10), (13, 12)]","[(33, 16), (29, 10), (29, 6), (31, 4), (26, 2), (19, 11), (19, 12), (3, 10), (13, 12), (15, 14)]","{(34, 1), (21, 16), (4, 9), (34, 10), (27, 4), (27, 13), (30, 9), (8, 9), (32, 12), (1, 15), (26, 14), (6, 11), (21, 9), (34, 3), (34, 12), (27, 6), (8, 11), (11, 16), (32, 14), (1, 8), (26, 16), (15, 16), (6, 13), (34, 14), (22, 12), (27, 8), (30, 4), (28, 16), (30, 13), (17, 16), (5, 14), (33, 6), (32, 16), (24, 12), (26, 9), (25, 11), (1, 10), (31, 8), (34, 7), (27, 1), (34, 16), (12, 13), (30, 6), (5, 16), (9, 14), (33, 8), (1, 12), (26, 11), (13, 14), (31, 1), (18, 16), (7, 16), (31, 10), (20, 10), (22, 16), (4, 11), (33, 1), (9, 16), (33, 10), (24, 16), (13, 16), (25, 15), (1, 14), (31, 3), (34, 2), (31, 12), (34, 11), (22, 9), (20, 12), (14, 14), (4, 13), (32, 4), (8, 13), (33, 12), (24, 9), (1, 7), (10, 10), (1, 16), (34, 4), (31, 14), (12, 10), (3, 7), (14, 16), (3, 16), (32, 6), (33, 14), (24, 11), (1, 9), (10, 12), (29, 1), (16, 16), (6, 8), (34, 6), (31, 16), (20, 16), (23, 12), (12, 12), (4, 8), (27, 3), (27, 12), (30, 8), (8, 8), (33, 16), (1, 11), (10, 14), (6, 10), (20, 9), (12, 14), (4, 10), (27, 5), (32, 1), (30, 1), (27, 14), (30, 10), (8, 10), (10, 16), (1, 13), (25, 14), (6, 12), (20, 11), (23, 16), (12, 16), (4, 12), (27, 7), (30, 3), (27, 16), (30, 12), (8, 12), (25, 16), (31, 4), (29, 16), (6, 14), (21, 12), (23, 9), (4, 14), (34, 15), (27, 9), (30, 5), (33, 4), (30, 14), (8, 14), (10, 11), (11, 10), (25, 9), (32, 8), (2, 7), (2, 16), (31, 6), (6, 16), (12, 11), (4, 7), (34, 8), (27, 2), (28, 1), (4, 16), (27, 11), (30, 16), (19, 16), (8, 16), (10, 13), (32, 10), (6, 9), (7, 8)}",154,N/A,N/A
164,"(15, 14)","(14, 14)",East,"[(16, 14)]","[(33, 16), (29, 10), (29, 6), (31, 4), (26, 2), (19, 11), (19, 12), (3, 10), (13, 12)]","[(33, 16), (29, 10), (29, 6), (31, 4), (26, 2), (19, 11), (19, 12), (3, 10), (13, 12), (16, 14)]","{(34, 1), (21, 16), (4, 9), (34, 10), (27, 4), (27, 13), (30, 9), (8, 9), (32, 12), (1, 15), (26, 14), (6, 11), (15, 14), (21, 9), (34, 3), (34, 12), (27, 6), (8, 11), (11, 16), (32, 14), (1, 8), (26, 16), (15, 16), (6, 13), (34, 14), (22, 12), (27, 8), (30, 4), (28, 16), (30, 13), (17, 16), (5, 14), (33, 6), (32, 16), (24, 12), (26, 9), (25, 11), (1, 10), (31, 8), (34, 7), (27, 1), (34, 16), (12, 13), (30, 6), (5, 16), (9, 14), (33, 8), (1, 12), (26, 11), (13, 14), (31, 1), (18, 16), (7, 16), (31, 10), (20, 10), (22, 16), (4, 11), (33, 1), (9, 16), (33, 10), (24, 16), (13, 16), (25, 15), (1, 14), (31, 3), (34, 2), (31, 12), (34, 11), (22, 9), (20, 12), (14, 14), (4, 13), (32, 4), (8, 13), (33, 12), (24, 9), (1, 7), (10, 10), (1, 16), (34, 4), (31, 14), (12, 10), (3, 7), (14, 16), (3, 16), (32, 6), (33, 14), (24, 11), (1, 9), (10, 12), (29, 1), (16, 16), (6, 8), (34, 6), (31, 16), (20, 16), (23, 12), (12, 12), (4, 8), (27, 3), (27, 12), (30, 8), (8, 8), (33, 16), (1, 11), (10, 14), (6, 10), (20, 9), (12, 14), (4, 10), (27, 5), (32, 1), (30, 1), (27, 14), (30, 10), (8, 10), (10, 16), (1, 13), (25, 14), (6, 12), (20, 11), (23, 16), (12, 16), (4, 12), (27, 7), (30, 3), (27, 16), (30, 12), (8, 12), (25, 16), (31, 4), (29, 16), (6, 14), (21, 12), (23, 9), (4, 14), (34, 15), (27, 9), (30, 5), (33, 4), (30, 14), (8, 14), (10, 11), (11, 10), (25, 9), (32, 8), (2, 7), (2, 16), (31, 6), (6, 16), (12, 11), (4, 7), (34, 8), (27, 2), (28, 1), (4, 16), (27, 11), (30, 16), (19, 16), (8, 16), (10, 13), (32, 10), (6, 9), (7, 8)}",155,N/A,N/A
165,"(16, 14)","(15, 14)",East,"[(17, 14)]","[(33, 16), (29, 10), (29, 6), (31, 4), (26, 2), (19, 11), (19, 12), (3, 10), (13, 12)]","[(33, 16), (29, 10), (29, 6), (31, 4), (26, 2), (19, 11), (19, 12), (3, 10), (13, 12), (17, 14)]","{(34, 1), (21, 16), (4, 9), (34, 10), (27, 4), (27, 13), (30, 9), (8, 9), (32, 12), (1, 15), (26, 14), (6, 11), (15, 14), (21, 9), (34, 3), (34, 12), (27, 6), (8, 11), (11, 16), (32, 14), (1, 8), (26, 16), (15, 16), (6, 13), (34, 14), (22, 12), (27, 8), (30, 4), (28, 16), (30, 13), (17, 16), (5, 14), (33, 6), (32, 16), (24, 12), (26, 9), (25, 11), (1, 10), (31, 8), (34, 7), (27, 1), (34, 16), (12, 13), (30, 6), (5, 16), (9, 14), (33, 8), (1, 12), (26, 11), (13, 14), (31, 1), (18, 16), (7, 16), (31, 10), (20, 10), (22, 16), (4, 11), (33, 1), (9, 16), (33, 10), (24, 16), (13, 16), (25, 15), (1, 14), (31, 3), (34, 2), (31, 12), (34, 11), (22, 9), (20, 12), (14, 14), (4, 13), (32, 4), (8, 13), (33, 12), (24, 9), (1, 7), (10, 10), (1, 16), (16, 14), (34, 4), (31, 14), (12, 10), (3, 7), (14, 16), (3, 16), (32, 6), (33, 14), (24, 11), (1, 9), (10, 12), (29, 1), (16, 16), (6, 8), (34, 6), (31, 16), (20, 16), (23, 12), (12, 12), (4, 8), (27, 3), (27, 12), (30, 8), (8, 8), (33, 16), (1, 11), (10, 14), (6, 10), (20, 9), (12, 14), (4, 10), (27, 5), (32, 1), (30, 1), (27, 14), (30, 10), (8, 10), (10, 16), (1, 13), (25, 14), (6, 12), (20, 11), (23, 16), (12, 16), (4, 12), (27, 7), (30, 3), (27, 16), (30, 12), (8, 12), (25, 16), (31, 4), (29, 16), (6, 14), (21, 12), (23, 9), (4, 14), (34, 15), (27, 9), (30, 5), (33, 4), (30, 14), (8, 14), (10, 11), (11, 10), (25, 9), (32, 8), (2, 7), (2, 16), (31, 6), (6, 16), (12, 11), (4, 7), (34, 8), (27, 2), (28, 1), (4, 16), (27, 11), (30, 16), (19, 16), (8, 16), (10, 13), (32, 10), (6, 9), (7, 8)}",156,N/A,N/A
166,"(17, 14)","(16, 14)",East,"[(17, 13)]","[(33, 16), (29, 10), (29, 6), (31, 4), (26, 2), (19, 11), (19, 12), (3, 10), (13, 12)]","[(33, 16), (29, 10), (29, 6), (31, 4), (26, 2), (19, 11), (19, 12), (3, 10), (13, 12), (17, 13)]","{(34, 1), (21, 16), (4, 9), (34, 10), (27, 4), (27, 13), (30, 9), (8, 9), (32, 12), (1, 15), (26, 14), (6, 11), (15, 14), (21, 9), (34, 3), (34, 12), (27, 6), (17, 14), (8, 11), (11, 16), (32, 14), (1, 8), (26, 16), (15, 16), (6, 13), (34, 14), (22, 12), (27, 8), (30, 4), (28, 16), (30, 13), (17, 16), (5, 14), (33, 6), (32, 16), (24, 12), (26, 9), (25, 11), (1, 10), (31, 8), (34, 7), (27, 1), (34, 16), (12, 13), (30, 6), (5, 16), (9, 14), (33, 8), (1, 12), (26, 11), (13, 14), (31, 1), (18, 16), (7, 16), (31, 10), (20, 10), (22, 16), (4, 11), (33, 1), (9, 16), (33, 10), (24, 16), (13, 16), (25, 15), (1, 14), (31, 3), (34, 2), (31, 12), (34, 11), (22, 9), (20, 12), (14, 14), (4, 13), (32, 4), (8, 13), (33, 12), (24, 9), (1, 7), (10, 10), (1, 16), (16, 14), (34, 4), (31, 14), (12, 10), (3, 7), (14, 16), (3, 16), (32, 6), (33, 14), (24, 11), (1, 9), (10, 12), (29, 1), (16, 16), (6, 8), (34, 6), (31, 16), (20, 16), (23, 12), (12, 12), (4, 8), (27, 3), (27, 12), (30, 8), (8, 8), (33, 16), (1, 11), (10, 14), (6, 10), (20, 9), (12, 14), (4, 10), (27, 5), (32, 1), (30, 1), (27, 14), (30, 10), (8, 10), (10, 16), (1, 13), (25, 14), (6, 12), (20, 11), (23, 16), (12, 16), (4, 12), (27, 7), (30, 3), (27, 16), (30, 12), (8, 12), (25, 16), (31, 4), (29, 16), (6, 14), (21, 12), (23, 9), (4, 14), (34, 15), (27, 9), (30, 5), (33, 4), (30, 14), (8, 14), (10, 11), (11, 10), (25, 9), (32, 8), (2, 7), (2, 16), (31, 6), (6, 16), (12, 11), (4, 7), (34, 8), (27, 2), (28, 1), (4, 16), (27, 11), (30, 16), (19, 16), (8, 16), (10, 13), (32, 10), (6, 9), (7, 8)}",157,N/A,N/A
167,"(17, 13)","(17, 14)",South,"[(17, 12)]","[(33, 16), (29, 10), (29, 6), (31, 4), (26, 2), (19, 11), (19, 12), (3, 10), (13, 12)]","[(33, 16), (29, 10), (29, 6), (31, 4), (26, 2), (19, 11), (19, 12), (3, 10), (13, 12), (17, 12)]","{(34, 1), (21, 16), (4, 9), (34, 10), (27, 4), (27, 13), (30, 9), (8, 9), (32, 12), (1, 15), (26, 14), (6, 11), (15, 14), (21, 9), (34, 3), (34, 12), (27, 6), (17, 14), (8, 11), (11, 16), (32, 14), (1, 8), (26, 16), (15, 16), (6, 13), (34, 14), (22, 12), (27, 8), (30, 4), (28, 16), (30, 13), (17, 16), (5, 14), (33, 6), (32, 16), (24, 12), (26, 9), (25, 11), (1, 10), (31, 8), (34, 7), (27, 1), (34, 16), (12, 13), (30, 6), (5, 16), (9, 14), (33, 8), (1, 12), (26, 11), (13, 14), (31, 1), (18, 16), (7, 16), (31, 10), (20, 10), (22, 16), (4, 11), (33, 1), (9, 16), (33, 10), (24, 16), (13, 16), (25, 15), (1, 14), (31, 3), (34, 2), (31, 12), (34, 11), (22, 9), (20, 12), (14, 14), (4, 13), (32, 4), (8, 13), (33, 12), (24, 9), (1, 7), (10, 10), (1, 16), (16, 14), (34, 4), (31, 14), (12, 10), (3, 7), (14, 16), (3, 16), (32, 6), (33, 14), (24, 11), (1, 9), (10, 12), (29, 1), (16, 16), (6, 8), (34, 6), (31, 16), (20, 16), (23, 12), (12, 12), (4, 8), (27, 3), (27, 12), (30, 8), (8, 8), (33, 16), (1, 11), (10, 14), (6, 10), (20, 9), (12, 14), (4, 10), (27, 5), (32, 1), (30, 1), (27, 14), (17, 13), (30, 10), (8, 10), (10, 16), (1, 13), (25, 14), (6, 12), (20, 11), (23, 16), (12, 16), (4, 12), (27, 7), (30, 3), (27, 16), (30, 12), (8, 12), (25, 16), (31, 4), (29, 16), (6, 14), (21, 12), (23, 9), (4, 14), (34, 15), (27, 9), (30, 5), (33, 4), (30, 14), (8, 14), (10, 11), (11, 10), (25, 9), (32, 8), (2, 7), (2, 16), (31, 6), (6, 16), (12, 11), (4, 7), (34, 8), (27, 2), (28, 1), (4, 16), (27, 11), (30, 16), (19, 16), (8, 16), (10, 13), (32, 10), (6, 9), (7, 8)}",158,N/A,N/A
168,"(17, 12)","(17, 13)",South,"[(16, 12), (18, 12)]","[(33, 16), (29, 10), (29, 6), (31, 4), (26, 2), (19, 11), (19, 12), (3, 10), (13, 12)]","[(33, 16), (29, 10), (29, 6), (31, 4), (26, 2), (19, 11), (19, 12), (3, 10), (13, 12), (16, 12), (18, 12)]","{(34, 1), (21, 16), (4, 9), (34, 10), (27, 4), (27, 13), (17, 12), (30, 9), (8, 9), (32, 12), (1, 15), (26, 14), (6, 11), (15, 14), (21, 9), (34, 3), (34, 12), (27, 6), (17, 14), (8, 11), (11, 16), (32, 14), (1, 8), (26, 16), (15, 16), (6, 13), (34, 14), (22, 12), (27, 8), (30, 4), (28, 16), (30, 13), (17, 16), (5, 14), (33, 6), (32, 16), (24, 12), (26, 9), (25, 11), (1, 10), (31, 8), (34, 7), (27, 1), (34, 16), (12, 13), (30, 6), (5, 16), (9, 14), (33, 8), (1, 12), (26, 11), (13, 14), (31, 1), (18, 16), (7, 16), (31, 10), (20, 10), (22, 16), (4, 11), (33, 1), (9, 16), (33, 10), (24, 16), (13, 16), (25, 15), (1, 14), (31, 3), (34, 2), (31, 12), (34, 11), (22, 9), (20, 12), (14, 14), (4, 13), (32, 4), (8, 13), (33, 12), (24, 9), (1, 7), (10, 10), (1, 16), (16, 14), (34, 4), (31, 14), (12, 10), (3, 7), (14, 16), (3, 16), (32, 6), (33, 14), (24, 11), (1, 9), (10, 12), (29, 1), (16, 16), (6, 8), (34, 6), (31, 16), (20, 16), (23, 12), (12, 12), (4, 8), (27, 3), (27, 12), (30, 8), (8, 8), (33, 16), (1, 11), (10, 14), (6, 10), (20, 9), (12, 14), (4, 10), (27, 5), (32, 1), (30, 1), (27, 14), (17, 13), (30, 10), (8, 10), (10, 16), (1, 13), (25, 14), (6, 12), (20, 11), (23, 16), (12, 16), (4, 12), (27, 7), (30, 3), (27, 16), (30, 12), (8, 12), (25, 16), (31, 4), (29, 16), (6, 14), (21, 12), (23, 9), (4, 14), (34, 15), (27, 9), (30, 5), (33, 4), (30, 14), (8, 14), (10, 11), (11, 10), (25, 9), (32, 8), (2, 7), (2, 16), (31, 6), (6, 16), (12, 11), (4, 7), (34, 8), (27, 2), (28, 1), (4, 16), (27, 11), (30, 16), (19, 16), (8, 16), (10, 13), (32, 10), (6, 9), (7, 8)}",159,N/A,N/A
169,"(18, 12)","(17, 12)",East,"[(19, 12)]","[(33, 16), (29, 10), (29, 6), (31, 4), (26, 2), (19, 11), (19, 12), (3, 10), (13, 12), (16, 12)]","[(33, 16), (29, 10), (29, 6), (31, 4), (26, 2), (19, 11), (19, 12), (3, 10), (13, 12), (16, 12), (19, 12)]","{(34, 1), (21, 16), (4, 9), (34, 10), (27, 4), (27, 13), (17, 12), (30, 9), (8, 9), (32, 12), (1, 15), (26, 14), (6, 11), (15, 14), (21, 9), (34, 3), (34, 12), (27, 6), (17, 14), (8, 11), (11, 16), (32, 14), (1, 8), (26, 16), (15, 16), (6, 13), (18, 12), (34, 14), (22, 12), (27, 8), (30, 4), (28, 16), (30, 13), (17, 16), (5, 14), (33, 6), (32, 16), (24, 12), (26, 9), (25, 11), (1, 10), (31, 8), (34, 7), (27, 1), (34, 16), (12, 13), (30, 6), (5, 16), (9, 14), (33, 8), (1, 12), (26, 11), (13, 14), (31, 1), (18, 16), (7, 16), (31, 10), (20, 10), (22, 16), (4, 11), (33, 1), (9, 16), (33, 10), (24, 16), (13, 16), (25, 15), (1, 14), (31, 3), (34, 2), (31, 12), (34, 11), (22, 9), (20, 12), (14, 14), (4, 13), (32, 4), (8, 13), (33, 12), (24, 9), (1, 7), (10, 10), (1, 16), (16, 14), (34, 4), (31, 14), (12, 10), (3, 7), (14, 16), (3, 16), (32, 6), (33, 14), (24, 11), (1, 9), (10, 12), (29, 1), (16, 16), (6, 8), (34, 6), (31, 16), (20, 16), (23, 12), (12, 12), (4, 8), (27, 3), (27, 12), (30, 8), (8, 8), (33, 16), (1, 11), (10, 14), (6, 10), (20, 9), (12, 14), (4, 10), (27, 5), (32, 1), (30, 1), (27, 14), (17, 13), (30, 10), (8, 10), (10, 16), (1, 13), (25, 14), (6, 12), (20, 11), (23, 16), (12, 16), (4, 12), (27, 7), (30, 3), (27, 16), (30, 12), (8, 12), (25, 16), (31, 4), (29, 16), (6, 14), (21, 12), (23, 9), (4, 14), (34, 15), (27, 9), (30, 5), (33, 4), (30, 14), (8, 14), (10, 11), (11, 10), (25, 9), (32, 8), (2, 7), (2, 16), (31, 6), (6, 16), (12, 11), (4, 7), (34, 8), (27, 2), (28, 1), (4, 16), (27, 11), (30, 16), (19, 16), (8, 16), (10, 13), (32, 10), (6, 9), (7, 8)}",160,N/A,N/A
170,"(19, 12)","(20, 12)",West,"[(19, 11)]","[(33, 16), (29, 10), (29, 6), (31, 4), (26, 2), (19, 11), (19, 12), (3, 10), (13, 12), (16, 12)]","[(33, 16), (29, 10), (29, 6), (31, 4), (26, 2), (19, 11), (19, 12), (3, 10), (13, 12), (16, 12), (19, 11)]","{(34, 1), (21, 16), (4, 9), (34, 10), (27, 4), (27, 13), (17, 12), (30, 9), (8, 9), (32, 12), (1, 15), (26, 14), (6, 11), (15, 14), (21, 9), (34, 3), (34, 12), (27, 6), (17, 14), (8, 11), (11, 16), (32, 14), (1, 8), (26, 16), (15, 16), (6, 13), (18, 12), (34, 14), (22, 12), (27, 8), (30, 4), (28, 16), (30, 13), (17, 16), (5, 14), (33, 6), (32, 16), (24, 12), (26, 9), (25, 11), (1, 10), (31, 8), (34, 7), (27, 1), (34, 16), (12, 13), (30, 6), (5, 16), (9, 14), (33, 8), (1, 12), (26, 11), (13, 14), (31, 1), (18, 16), (7, 16), (31, 10), (20, 10), (22, 16), (4, 11), (33, 1), (9, 16), (33, 10), (24, 16), (13, 16), (25, 15), (1, 14), (31, 3), (34, 2), (31, 12), (34, 11), (22, 9), (20, 12), (14, 14), (4, 13), (32, 4), (8, 13), (33, 12), (24, 9), (1, 7), (10, 10), (1, 16), (16, 14), (34, 4), (31, 14), (12, 10), (3, 7), (14, 16), (3, 16), (32, 6), (33, 14), (24, 11), (1, 9), (10, 12), (29, 1), (16, 16), (6, 8), (34, 6), (31, 16), (20, 16), (23, 12), (12, 12), (4, 8), (27, 3), (27, 12), (30, 8), (8, 8), (33, 16), (1, 11), (10, 14), (6, 10), (20, 9), (12, 14), (4, 10), (27, 5), (32, 1), (30, 1), (27, 14), (17, 13), (30, 10), (8, 10), (10, 16), (1, 13), (25, 14), (6, 12), (20, 11), (23, 16), (12, 16), (4, 12), (27, 7), (30, 3), (27, 16), (30, 12), (8, 12), (19, 12), (25, 16), (31, 4), (29, 16), (6, 14), (21, 12), (23, 9), (4, 14), (34, 15), (27, 9), (30, 5), (33, 4), (30, 14), (8, 14), (10, 11), (11, 10), (25, 9), (32, 8), (2, 7), (2, 16), (31, 6), (6, 16), (12, 11), (4, 7), (34, 8), (27, 2), (28, 1), (4, 16), (27, 11), (30, 16), (19, 16), (8, 16), (10, 13), (32, 10), (6, 9), (7, 8)}",161,N/A,N/A
171,"(19, 11)","(20, 11)",West,[],"[(33, 16), (29, 10), (29, 6), (31, 4), (26, 2), (19, 11), (19, 12), (3, 10), (13, 12), (16, 12)]","[(33, 16), (29, 10), (29, 6), (31, 4), (26, 2), (19, 11), (19, 12), (3, 10), (13, 12), (16, 12)]","{(34, 1), (21, 16), (4, 9), (34, 10), (27, 4), (27, 13), (17, 12), (30, 9), (8, 9), (32, 12), (1, 15), (26, 14), (6, 11), (15, 14), (21, 9), (34, 3), (34, 12), (27, 6), (17, 14), (8, 11), (19, 11), (11, 16), (32, 14), (1, 8), (26, 16), (15, 16), (6, 13), (18, 12), (34, 14), (22, 12), (27, 8), (30, 4), (28, 16), (30, 13), (17, 16), (5, 14), (33, 6), (32, 16), (24, 12), (26, 9), (25, 11), (1, 10), (31, 8), (34, 7), (27, 1), (34, 16), (12, 13), (30, 6), (5, 16), (9, 14), (33, 8), (1, 12), (26, 11), (13, 14), (31, 1), (18, 16), (7, 16), (31, 10), (20, 10), (22, 16), (4, 11), (33, 1), (9, 16), (33, 10), (24, 16), (13, 16), (25, 15), (1, 14), (31, 3), (34, 2), (31, 12), (34, 11), (22, 9), (20, 12), (14, 14), (4, 13), (32, 4), (8, 13), (33, 12), (24, 9), (1, 7), (10, 10), (1, 16), (16, 14), (34, 4), (31, 14), (12, 10), (3, 7), (14, 16), (3, 16), (32, 6), (33, 14), (24, 11), (1, 9), (10, 12), (29, 1), (16, 16), (6, 8), (34, 6), (31, 16), (20, 16), (23, 12), (12, 12), (4, 8), (27, 3), (27, 12), (30, 8), (8, 8), (33, 16), (1, 11), (10, 14), (6, 10), (20, 9), (12, 14), (4, 10), (27, 5), (32, 1), (30, 1), (27, 14), (17, 13), (30, 10), (8, 10), (10, 16), (1, 13), (25, 14), (6, 12), (20, 11), (23, 16), (12, 16), (4, 12), (27, 7), (30, 3), (27, 16), (30, 12), (8, 12), (19, 12), (25, 16), (31, 4), (29, 16), (6, 14), (21, 12), (23, 9), (4, 14), (34, 15), (27, 9), (30, 5), (33, 4), (30, 14), (8, 14), (10, 11), (11, 10), (25, 9), (32, 8), (2, 7), (2, 16), (31, 6), (6, 16), (12, 11), (4, 7), (34, 8), (27, 2), (28, 1), (4, 16), (27, 11), (30, 16), (19, 16), (8, 16), (10, 13), (32, 10), (6, 9), (7, 8)}",162,N/A,N/A
172,"(16, 12)","(17, 12)",West,"[(15, 12)]","[(33, 16), (29, 10), (29, 6), (31, 4), (26, 2), (19, 11), (19, 12), (3, 10), (13, 12)]","[(33, 16), (29, 10), (29, 6), (31, 4), (26, 2), (19, 11), (19, 12), (3, 10), (13, 12), (15, 12)]","{(34, 1), (21, 16), (4, 9), (34, 10), (27, 4), (27, 13), (17, 12), (30, 9), (8, 9), (32, 12), (1, 15), (26, 14), (6, 11), (15, 14), (21, 9), (34, 3), (34, 12), (27, 6), (17, 14), (8, 11), (19, 11), (11, 16), (32, 14), (1, 8), (26, 16), (15, 16), (6, 13), (18, 12), (34, 14), (22, 12), (27, 8), (30, 4), (28, 16), (30, 13), (17, 16), (5, 14), (33, 6), (32, 16), (24, 12), (26, 9), (25, 11), (1, 10), (31, 8), (34, 7), (27, 1), (34, 16), (12, 13), (30, 6), (5, 16), (9, 14), (33, 8), (1, 12), (26, 11), (13, 14), (31, 1), (18, 16), (7, 16), (31, 10), (20, 10), (22, 16), (4, 11), (33, 1), (9, 16), (33, 10), (24, 16), (13, 16), (25, 15), (1, 14), (16, 12), (31, 3), (34, 2), (31, 12), (34, 11), (22, 9), (20, 12), (14, 14), (4, 13), (32, 4), (8, 13), (33, 12), (24, 9), (1, 7), (10, 10), (1, 16), (16, 14), (34, 4), (31, 14), (12, 10), (3, 7), (14, 16), (3, 16), (32, 6), (33, 14), (24, 11), (1, 9), (10, 12), (29, 1), (16, 16), (6, 8), (34, 6), (31, 16), (20, 16), (23, 12), (12, 12), (4, 8), (27, 3), (27, 12), (30, 8), (8, 8), (33, 16), (1, 11), (10, 14), (6, 10), (20, 9), (12, 14), (4, 10), (27, 5), (32, 1), (30, 1), (27, 14), (17, 13), (30, 10), (8, 10), (10, 16), (1, 13), (25, 14), (6, 12), (20, 11), (23, 16), (12, 16), (4, 12), (27, 7), (30, 3), (27, 16), (30, 12), (8, 12), (19, 12), (25, 16), (31, 4), (29, 16), (6, 14), (21, 12), (23, 9), (4, 14), (34, 15), (27, 9), (30, 5), (33, 4), (30, 14), (8, 14), (10, 11), (11, 10), (25, 9), (32, 8), (2, 7), (2, 16), (31, 6), (6, 16), (12, 11), (4, 7), (34, 8), (27, 2), (28, 1), (4, 16), (27, 11), (30, 16), (19, 16), (8, 16), (10, 13), (32, 10), (6, 9), (7, 8)}",160,N/A,N/A
173,"(15, 12)","(16, 12)",West,"[(14, 12)]","[(33, 16), (29, 10), (29, 6), (31, 4), (26, 2), (19, 11), (19, 12), (3, 10), (13, 12)]","[(33, 16), (29, 10), (29, 6), (31, 4), (26, 2), (19, 11), (19, 12), (3, 10), (13, 12), (14, 12)]","{(34, 1), (21, 16), (4, 9), (34, 10), (27, 4), (27, 13), (17, 12), (30, 9), (8, 9), (32, 12), (1, 15), (26, 14), (6, 11), (15, 14), (21, 9), (34, 3), (34, 12), (27, 6), (17, 14), (8, 11), (19, 11), (11, 16), (32, 14), (1, 8), (26, 16), (15, 16), (6, 13), (18, 12), (34, 14), (22, 12), (27, 8), (30, 4), (28, 16), (30, 13), (17, 16), (5, 14), (33, 6), (32, 16), (24, 12), (26, 9), (25, 11), (1, 10), (31, 8), (34, 7), (27, 1), (34, 16), (12, 13), (30, 6), (5, 16), (9, 14), (33, 8), (1, 12), (26, 11), (13, 14), (31, 1), (18, 16), (7, 16), (31, 10), (20, 10), (22, 16), (4, 11), (33, 1), (9, 16), (33, 10), (24, 16), (13, 16), (25, 15), (1, 14), (16, 12), (31, 3), (34, 2), (31, 12), (34, 11), (22, 9), (20, 12), (14, 14), (4, 13), (32, 4), (8, 13), (33, 12), (24, 9), (1, 7), (10, 10), (1, 16), (16, 14), (34, 4), (31, 14), (12, 10), (3, 7), (14, 16), (3, 16), (32, 6), (33, 14), (24, 11), (1, 9), (10, 12), (29, 1), (16, 16), (6, 8), (34, 6), (31, 16), (20, 16), (23, 12), (12, 12), (4, 8), (27, 3), (27, 12), (30, 8), (8, 8), (33, 16), (1, 11), (10, 14), (6, 10), (20, 9), (12, 14), (4, 10), (27, 5), (32, 1), (30, 1), (27, 14), (17, 13), (30, 10), (8, 10), (10, 16), (1, 13), (25, 14), (6, 12), (20, 11), (23, 16), (12, 16), (4, 12), (27, 7), (30, 3), (27, 16), (30, 12), (8, 12), (19, 12), (25, 16), (31, 4), (29, 16), (6, 14), (21, 12), (23, 9), (4, 14), (34, 15), (27, 9), (30, 5), (33, 4), (30, 14), (8, 14), (10, 11), (11, 10), (25, 9), (32, 8), (2, 7), (2, 16), (31, 6), (6, 16), (12, 11), (4, 7), (34, 8), (27, 2), (28, 1), (4, 16), (27, 11), (30, 16), (19, 16), (8, 16), (10, 13), (32, 10), (15, 12), (6, 9), (7, 8)}",161,N/A,N/A
174,"(14, 12)","(15, 12)",West,"[(13, 12), (14, 11)]","[(33, 16), (29, 10), (29, 6), (31, 4), (26, 2), (19, 11), (19, 12), (3, 10), (13, 12)]","[(33, 16), (29, 10), (29, 6), (31, 4), (26, 2), (19, 11), (19, 12), (3, 10), (13, 12), (13, 12), (14, 11)]","{(34, 1), (21, 16), (4, 9), (34, 10), (27, 4), (27, 13), (17, 12), (30, 9), (8, 9), (32, 12), (1, 15), (26, 14), (6, 11), (15, 14), (21, 9), (34, 3), (34, 12), (27, 6), (17, 14), (8, 11), (19, 11), (11, 16), (32, 14), (1, 8), (26, 16), (15, 16), (6, 13), (18, 12), (34, 14), (22, 12), (27, 8), (30, 4), (28, 16), (30, 13), (17, 16), (5, 14), (33, 6), (32, 16), (24, 12), (26, 9), (25, 11), (1, 10), (31, 8), (34, 7), (27, 1), (34, 16), (12, 13), (30, 6), (5, 16), (9, 14), (33, 8), (1, 12), (26, 11), (13, 14), (31, 1), (18, 16), (7, 16), (31, 10), (20, 10), (22, 16), (14, 12), (4, 11), (33, 1), (9, 16), (33, 10), (24, 16), (13, 16), (25, 15), (1, 14), (16, 12), (31, 3), (34, 2), (31, 12), (34, 11), (22, 9), (20, 12), (14, 14), (4, 13), (32, 4), (8, 13), (33, 12), (24, 9), (1, 7), (10, 10), (1, 16), (16, 14), (34, 4), (31, 14), (12, 10), (3, 7), (14, 16), (3, 16), (32, 6), (33, 14), (24, 11), (1, 9), (10, 12), (29, 1), (16, 16), (6, 8), (34, 6), (31, 16), (20, 16), (23, 12), (12, 12), (4, 8), (27, 3), (27, 12), (30, 8), (8, 8), (33, 16), (1, 11), (10, 14), (6, 10), (20, 9), (12, 14), (4, 10), (27, 5), (32, 1), (30, 1), (27, 14), (17, 13), (30, 10), (8, 10), (10, 16), (1, 13), (25, 14), (6, 12), (20, 11), (23, 16), (12, 16), (4, 12), (27, 7), (30, 3), (27, 16), (30, 12), (8, 12), (19, 12), (25, 16), (31, 4), (29, 16), (6, 14), (21, 12), (23, 9), (4, 14), (34, 15), (27, 9), (30, 5), (33, 4), (30, 14), (8, 14), (10, 11), (11, 10), (25, 9), (32, 8), (2, 7), (2, 16), (31, 6), (6, 16), (12, 11), (4, 7), (34, 8), (27, 2), (28, 1), (4, 16), (27, 11), (30, 16), (19, 16), (8, 16), (10, 13), (32, 10), (15, 12), (6, 9), (7, 8)}",162,N/A,N/A
175,"(14, 11)","(14, 12)",South,"[(14, 10)]","[(33, 16), (29, 10), (29, 6), (31, 4), (26, 2), (19, 11), (19, 12), (3, 10), (13, 12), (13, 12)]","[(33, 16), (29, 10), (29, 6), (31, 4), (26, 2), (19, 11), (19, 12), (3, 10), (13, 12), (13, 12), (14, 10)]","{(34, 1), (21, 16), (4, 9), (34, 10), (27, 4), (27, 13), (17, 12), (30, 9), (8, 9), (32, 12), (1, 15), (26, 14), (6, 11), (15, 14), (21, 9), (34, 3), (34, 12), (27, 6), (17, 14), (8, 11), (19, 11), (11, 16), (32, 14), (1, 8), (26, 16), (15, 16), (6, 13), (18, 12), (34, 14), (22, 12), (27, 8), (30, 4), (28, 16), (30, 13), (17, 16), (5, 14), (33, 6), (32, 16), (24, 12), (26, 9), (25, 11), (1, 10), (31, 8), (34, 7), (27, 1), (34, 16), (12, 13), (30, 6), (5, 16), (9, 14), (33, 8), (1, 12), (26, 11), (13, 14), (31, 1), (18, 16), (7, 16), (31, 10), (20, 10), (22, 16), (14, 12), (4, 11), (33, 1), (9, 16), (33, 10), (24, 16), (13, 16), (25, 15), (1, 14), (16, 12), (31, 3), (34, 2), (31, 12), (34, 11), (22, 9), (20, 12), (14, 14), (4, 13), (32, 4), (8, 13), (33, 12), (24, 9), (1, 7), (10, 10), (1, 16), (16, 14), (34, 4), (31, 14), (12, 10), (3, 7), (14, 16), (3, 16), (32, 6), (33, 14), (24, 11), (1, 9), (10, 12), (29, 1), (16, 16), (6, 8), (34, 6), (31, 16), (20, 16), (23, 12), (12, 12), (4, 8), (27, 3), (27, 12), (30, 8), (8, 8), (33, 16), (1, 11), (10, 14), (6, 10), (20, 9), (12, 14), (14, 11), (4, 10), (27, 5), (32, 1), (30, 1), (27, 14), (17, 13), (30, 10), (8, 10), (10, 16), (1, 13), (25, 14), (6, 12), (20, 11), (23, 16), (12, 16), (4, 12), (27, 7), (30, 3), (27, 16), (30, 12), (8, 12), (19, 12), (25, 16), (31, 4), (29, 16), (6, 14), (21, 12), (23, 9), (4, 14), (34, 15), (27, 9), (30, 5), (33, 4), (30, 14), (8, 14), (10, 11), (11, 10), (25, 9), (32, 8), (2, 7), (2, 16), (31, 6), (6, 16), (12, 11), (4, 7), (34, 8), (27, 2), (28, 1), (4, 16), (27, 11), (30, 16), (19, 16), (8, 16), (10, 13), (32, 10), (15, 12), (6, 9), (7, 8)}",163,N/A,N/A
176,"(14, 10)","(14, 11)",South,"[(15, 10)]","[(33, 16), (29, 10), (29, 6), (31, 4), (26, 2), (19, 11), (19, 12), (3, 10), (13, 12), (13, 12)]","[(33, 16), (29, 10), (29, 6), (31, 4), (26, 2), (19, 11), (19, 12), (3, 10), (13, 12), (13, 12), (15, 10)]","{(34, 1), (21, 16), (4, 9), (34, 10), (27, 4), (27, 13), (17, 12), (30, 9), (8, 9), (32, 12), (1, 15), (26, 14), (6, 11), (15, 14), (21, 9), (34, 3), (34, 12), (27, 6), (17, 14), (8, 11), (19, 11), (11, 16), (32, 14), (1, 8), (26, 16), (15, 16), (6, 13), (18, 12), (34, 14), (22, 12), (27, 8), (30, 4), (28, 16), (30, 13), (17, 16), (5, 14), (33, 6), (32, 16), (24, 12), (26, 9), (25, 11), (1, 10), (31, 8), (34, 7), (27, 1), (34, 16), (12, 13), (14, 10), (30, 6), (5, 16), (9, 14), (33, 8), (1, 12), (26, 11), (13, 14), (31, 1), (18, 16), (7, 16), (31, 10), (20, 10), (22, 16), (14, 12), (4, 11), (33, 1), (9, 16), (33, 10), (24, 16), (13, 16), (25, 15), (1, 14), (16, 12), (31, 3), (34, 2), (31, 12), (34, 11), (22, 9), (20, 12), (14, 14), (4, 13), (32, 4), (8, 13), (33, 12), (24, 9), (1, 7), (10, 10), (1, 16), (16, 14), (34, 4), (31, 14), (12, 10), (3, 7), (14, 16), (3, 16), (32, 6), (33, 14), (24, 11), (1, 9), (10, 12), (29, 1), (16, 16), (6, 8), (34, 6), (31, 16), (20, 16), (23, 12), (12, 12), (4, 8), (27, 3), (27, 12), (30, 8), (8, 8), (33, 16), (1, 11), (10, 14), (6, 10), (20, 9), (12, 14), (14, 11), (4, 10), (27, 5), (32, 1), (30, 1), (27, 14), (17, 13), (30, 10), (8, 10), (10, 16), (1, 13), (25, 14), (6, 12), (20, 11), (23, 16), (12, 16), (4, 12), (27, 7), (30, 3), (27, 16), (30, 12), (8, 12), (19, 12), (25, 16), (31, 4), (29, 16), (6, 14), (21, 12), (23, 9), (4, 14), (34, 15), (27, 9), (30, 5), (33, 4), (30, 14), (8, 14), (10, 11), (11, 10), (25, 9), (32, 8), (2, 7), (2, 16), (31, 6), (6, 16), (12, 11), (4, 7), (34, 8), (27, 2), (28, 1), (4, 16), (27, 11), (30, 16), (19, 16), (8, 16), (10, 13), (32, 10), (15, 12), (6, 9), (7, 8)}",164,N/A,N/A
177,"(15, 10)","(14, 10)",East,"[(16, 10)]","[(33, 16), (29, 10), (29, 6), (31, 4), (26, 2), (19, 11), (19, 12), (3, 10), (13, 12), (13, 12)]","[(33, 16), (29, 10), (29, 6), (31, 4), (26, 2), (19, 11), (19, 12), (3, 10), (13, 12), (13, 12), (16, 10)]","{(34, 1), (21, 16), (4, 9), (34, 10), (27, 4), (27, 13), (17, 12), (30, 9), (8, 9), (32, 12), (1, 15), (26, 14), (6, 11), (15, 14), (21, 9), (34, 3), (34, 12), (27, 6), (17, 14), (8, 11), (19, 11), (11, 16), (32, 14), (1, 8), (26, 16), (15, 16), (6, 13), (18, 12), (34, 14), (22, 12), (27, 8), (30, 4), (28, 16), (30, 13), (17, 16), (5, 14), (33, 6), (32, 16), (24, 12), (26, 9), (25, 11), (1, 10), (31, 8), (34, 7), (27, 1), (34, 16), (12, 13), (14, 10), (30, 6), (5, 16), (9, 14), (33, 8), (1, 12), (26, 11), (13, 14), (31, 1), (18, 16), (7, 16), (31, 10), (20, 10), (22, 16), (14, 12), (4, 11), (33, 1), (9, 16), (33, 10), (24, 16), (13, 16), (25, 15), (1, 14), (16, 12), (31, 3), (34, 2), (31, 12), (34, 11), (22, 9), (20, 12), (14, 14), (4, 13), (32, 4), (8, 13), (33, 12), (24, 9), (1, 7), (10, 10), (1, 16), (16, 14), (34, 4), (31, 14), (12, 10), (3, 7), (14, 16), (3, 16), (32, 6), (33, 14), (24, 11), (1, 9), (10, 12), (29, 1), (16, 16), (6, 8), (34, 6), (31, 16), (20, 16), (23, 12), (12, 12), (4, 8), (27, 3), (27, 12), (30, 8), (8, 8), (33, 16), (1, 11), (10, 14), (6, 10), (20, 9), (12, 14), (14, 11), (4, 10), (27, 5), (32, 1), (30, 1), (27, 14), (17, 13), (30, 10), (8, 10), (10, 16), (1, 13), (25, 14), (6, 12), (20, 11), (23, 16), (12, 16), (4, 12), (27, 7), (30, 3), (27, 16), (30, 12), (8, 12), (19, 12), (25, 16), (31, 4), (29, 16), (6, 14), (21, 12), (23, 9), (4, 14), (34, 15), (27, 9), (30, 5), (33, 4), (30, 14), (8, 14), (10, 11), (11, 10), (25, 9), (32, 8), (2, 7), (2, 16), (15, 10), (31, 6), (6, 16), (12, 11), (4, 7), (34, 8), (27, 2), (28, 1), (4, 16), (27, 11), (30, 16), (19, 16), (8, 16), (10, 13), (32, 10), (15, 12), (6, 9), (7, 8)}",165,N/A,N/A
178,"(16, 10)","(15, 10)",East,"[(17, 10)]","[(33, 16), (29, 10), (29, 6), (31, 4), (26, 2), (19, 11), (19, 12), (3, 10), (13, 12), (13, 12)]","[(33, 16), (29, 10), (29, 6), (31, 4), (26, 2), (19, 11), (19, 12), (3, 10), (13, 12), (13, 12), (17, 10)]","{(34, 1), (21, 16), (4, 9), (34, 10), (27, 4), (27, 13), (17, 12), (30, 9), (8, 9), (32, 12), (1, 15), (26, 14), (6, 11), (15, 14), (21, 9), (34, 3), (34, 12), (27, 6), (17, 14), (8, 11), (19, 11), (11, 16), (32, 14), (1, 8), (26, 16), (15, 16), (6, 13), (18, 12), (34, 14), (22, 12), (27, 8), (30, 4), (28, 16), (30, 13), (17, 16), (5, 14), (33, 6), (32, 16), (24, 12), (26, 9), (25, 11), (1, 10), (31, 8), (34, 7), (27, 1), (34, 16), (12, 13), (14, 10), (30, 6), (5, 16), (9, 14), (33, 8), (1, 12), (26, 11), (13, 14), (16, 10), (31, 1), (18, 16), (7, 16), (31, 10), (20, 10), (22, 16), (14, 12), (4, 11), (33, 1), (9, 16), (33, 10), (24, 16), (13, 16), (25, 15), (1, 14), (16, 12), (31, 3), (34, 2), (31, 12), (34, 11), (22, 9), (20, 12), (14, 14), (4, 13), (32, 4), (8, 13), (33, 12), (24, 9), (1, 7), (10, 10), (1, 16), (16, 14), (34, 4), (31, 14), (12, 10), (3, 7), (14, 16), (3, 16), (32, 6), (33, 14), (24, 11), (1, 9), (10, 12), (29, 1), (16, 16), (6, 8), (34, 6), (31, 16), (20, 16), (23, 12), (12, 12), (4, 8), (27, 3), (27, 12), (30, 8), (8, 8), (33, 16), (1, 11), (10, 14), (6, 10), (20, 9), (12, 14), (14, 11), (4, 10), (27, 5), (32, 1), (30, 1), (27, 14), (17, 13), (30, 10), (8, 10), (10, 16), (1, 13), (25, 14), (6, 12), (20, 11), (23, 16), (12, 16), (4, 12), (27, 7), (30, 3), (27, 16), (30, 12), (8, 12), (19, 12), (25, 16), (31, 4), (29, 16), (6, 14), (21, 12), (23, 9), (4, 14), (34, 15), (27, 9), (30, 5), (33, 4), (30, 14), (8, 14), (10, 11), (11, 10), (25, 9), (32, 8), (2, 7), (2, 16), (15, 10), (31, 6), (6, 16), (12, 11), (4, 7), (34, 8), (27, 2), (28, 1), (4, 16), (27, 11), (30, 16), (19, 16), (8, 16), (10, 13), (32, 10), (15, 12), (6, 9), (7, 8)}",166,N/A,N/A
179,"(17, 10)","(16, 10)",East,"[(17, 9)]","[(33, 16), (29, 10), (29, 6), (31, 4), (26, 2), (19, 11), (19, 12), (3, 10), (13, 12), (13, 12)]","[(33, 16), (29, 10), (29, 6), (31, 4), (26, 2), (19, 11), (19, 12), (3, 10), (13, 12), (13, 12), (17, 9)]","{(34, 1), (21, 16), (4, 9), (34, 10), (27, 4), (27, 13), (17, 12), (30, 9), (8, 9), (32, 12), (1, 15), (26, 14), (6, 11), (15, 14), (21, 9), (34, 3), (34, 12), (27, 6), (17, 14), (8, 11), (19, 11), (11, 16), (32, 14), (1, 8), (26, 16), (15, 16), (6, 13), (18, 12), (34, 14), (22, 12), (27, 8), (30, 4), (28, 16), (30, 13), (17, 16), (5, 14), (33, 6), (32, 16), (24, 12), (26, 9), (25, 11), (1, 10), (31, 8), (34, 7), (27, 1), (34, 16), (12, 13), (14, 10), (30, 6), (5, 16), (9, 14), (33, 8), (1, 12), (26, 11), (13, 14), (16, 10), (31, 1), (18, 16), (7, 16), (31, 10), (20, 10), (22, 16), (14, 12), (4, 11), (33, 1), (9, 16), (33, 10), (24, 16), (13, 16), (25, 15), (1, 14), (16, 12), (31, 3), (34, 2), (31, 12), (34, 11), (22, 9), (20, 12), (14, 14), (4, 13), (32, 4), (8, 13), (33, 12), (24, 9), (1, 7), (10, 10), (1, 16), (16, 14), (34, 4), (31, 14), (12, 10), (3, 7), (14, 16), (3, 16), (32, 6), (33, 14), (24, 11), (1, 9), (10, 12), (29, 1), (16, 16), (6, 8), (34, 6), (31, 16), (20, 16), (23, 12), (12, 12), (4, 8), (27, 3), (27, 12), (30, 8), (8, 8), (33, 16), (1, 11), (10, 14), (6, 10), (20, 9), (12, 14), (14, 11), (4, 10), (27, 5), (32, 1), (30, 1), (27, 14), (17, 13), (30, 10), (8, 10), (10, 16), (1, 13), (25, 14), (6, 12), (20, 11), (23, 16), (12, 16), (4, 12), (27, 7), (30, 3), (27, 16), (30, 12), (8, 12), (19, 12), (25, 16), (31, 4), (29, 16), (6, 14), (21, 12), (23, 9), (4, 14), (34, 15), (27, 9), (30, 5), (33, 4), (30, 14), (8, 14), (10, 11), (11, 10), (25, 9), (32, 8), (2, 7), (2, 16), (15, 10), (31, 6), (6, 16), (12, 11), (4, 7), (34, 8), (27, 2), (28, 1), (4, 16), (27, 11), (17, 10), (30, 16), (19, 16), (8, 16), (10, 13), (32, 10), (15, 12), (6, 9), (7, 8)}",167,N/A,N/A
180,"(17, 9)","(17, 10)",South,"[(17, 8)]","[(33, 16), (29, 10), (29, 6), (31, 4), (26, 2), (19, 11), (19, 12), (3, 10), (13, 12), (13, 12)]","[(33, 16), (29, 10), (29, 6), (31, 4), (26, 2), (19, 11), (19, 12), (3, 10), (13, 12), (13, 12), (17, 8)]","{(34, 1), (21, 16), (4, 9), (34, 10), (27, 4), (27, 13), (17, 12), (30, 9), (8, 9), (32, 12), (1, 15), (26, 14), (6, 11), (15, 14), (21, 9), (34, 3), (34, 12), (27, 6), (17, 14), (8, 11), (19, 11), (11, 16), (32, 14), (1, 8), (26, 16), (15, 16), (6, 13), (18, 12), (34, 14), (22, 12), (27, 8), (30, 4), (28, 16), (30, 13), (17, 16), (5, 14), (33, 6), (32, 16), (24, 12), (26, 9), (25, 11), (1, 10), (31, 8), (34, 7), (27, 1), (34, 16), (12, 13), (14, 10), (17, 9), (30, 6), (5, 16), (9, 14), (33, 8), (1, 12), (26, 11), (13, 14), (16, 10), (31, 1), (18, 16), (7, 16), (31, 10), (20, 10), (22, 16), (14, 12), (4, 11), (33, 1), (9, 16), (33, 10), (24, 16), (13, 16), (25, 15), (1, 14), (16, 12), (31, 3), (34, 2), (31, 12), (34, 11), (22, 9), (20, 12), (14, 14), (4, 13), (32, 4), (8, 13), (33, 12), (24, 9), (1, 7), (10, 10), (1, 16), (16, 14), (34, 4), (31, 14), (12, 10), (3, 7), (14, 16), (3, 16), (32, 6), (33, 14), (24, 11), (1, 9), (10, 12), (29, 1), (16, 16), (6, 8), (34, 6), (31, 16), (20, 16), (23, 12), (12, 12), (4, 8), (27, 3), (27, 12), (30, 8), (8, 8), (33, 16), (1, 11), (10, 14), (6, 10), (20, 9), (12, 14), (14, 11), (4, 10), (27, 5), (32, 1), (30, 1), (27, 14), (17, 13), (30, 10), (8, 10), (10, 16), (1, 13), (25, 14), (6, 12), (20, 11), (23, 16), (12, 16), (4, 12), (27, 7), (30, 3), (27, 16), (30, 12), (8, 12), (19, 12), (25, 16), (31, 4), (29, 16), (6, 14), (21, 12), (23, 9), (4, 14), (34, 15), (27, 9), (30, 5), (33, 4), (30, 14), (8, 14), (10, 11), (11, 10), (25, 9), (32, 8), (2, 7), (2, 16), (15, 10), (31, 6), (6, 16), (12, 11), (4, 7), (34, 8), (27, 2), (28, 1), (4, 16), (27, 11), (17, 10), (30, 16), (19, 16), (8, 16), (10, 13), (32, 10), (15, 12), (6, 9), (7, 8)}",168,N/A,N/A
181,"(17, 8)","(17, 9)",South,"[(16, 8)]","[(33, 16), (29, 10), (29, 6), (31, 4), (26, 2), (19, 11), (19, 12), (3, 10), (13, 12), (13, 12)]","[(33, 16), (29, 10), (29, 6), (31, 4), (26, 2), (19, 11), (19, 12), (3, 10), (13, 12), (13, 12), (16, 8)]","{(34, 1), (21, 16), (4, 9), (34, 10), (27, 4), (27, 13), (17, 12), (30, 9), (8, 9), (32, 12), (1, 15), (26, 14), (6, 11), (15, 14), (21, 9), (34, 3), (34, 12), (27, 6), (17, 14), (8, 11), (19, 11), (11, 16), (32, 14), (1, 8), (26, 16), (15, 16), (6, 13), (18, 12), (34, 14), (22, 12), (27, 8), (30, 4), (28, 16), (30, 13), (17, 16), (5, 14), (33, 6), (32, 16), (24, 12), (26, 9), (25, 11), (1, 10), (31, 8), (34, 7), (27, 1), (34, 16), (12, 13), (14, 10), (17, 9), (30, 6), (5, 16), (9, 14), (33, 8), (1, 12), (26, 11), (13, 14), (16, 10), (31, 1), (18, 16), (7, 16), (31, 10), (20, 10), (22, 16), (14, 12), (4, 11), (33, 1), (9, 16), (33, 10), (24, 16), (13, 16), (25, 15), (1, 14), (16, 12), (31, 3), (34, 2), (31, 12), (34, 11), (22, 9), (20, 12), (14, 14), (4, 13), (32, 4), (8, 13), (33, 12), (24, 9), (1, 7), (10, 10), (1, 16), (16, 14), (34, 4), (31, 14), (12, 10), (3, 7), (14, 16), (3, 16), (32, 6), (33, 14), (24, 11), (1, 9), (10, 12), (29, 1), (16, 16), (6, 8), (34, 6), (31, 16), (20, 16), (23, 12), (12, 12), (4, 8), (27, 3), (27, 12), (30, 8), (8, 8), (33, 16), (1, 11), (10, 14), (6, 10), (20, 9), (12, 14), (14, 11), (4, 10), (27, 5), (32, 1), (30, 1), (27, 14), (17, 13), (30, 10), (8, 10), (10, 16), (1, 13), (25, 14), (6, 12), (20, 11), (23, 16), (12, 16), (4, 12), (27, 7), (30, 3), (27, 16), (30, 12), (8, 12), (19, 12), (25, 16), (31, 4), (29, 16), (6, 14), (21, 12), (23, 9), (4, 14), (34, 15), (27, 9), (17, 8), (30, 5), (33, 4), (30, 14), (8, 14), (10, 11), (11, 10), (25, 9), (32, 8), (2, 7), (2, 16), (15, 10), (31, 6), (6, 16), (12, 11), (4, 7), (34, 8), (27, 2), (28, 1), (4, 16), (27, 11), (17, 10), (30, 16), (19, 16), (8, 16), (10, 13), (32, 10), (15, 12), (6, 9), (7, 8)}",169,N/A,N/A
182,"(16, 8)","(17, 8)",West,"[(15, 8)]","[(33, 16), (29, 10), (29, 6), (31, 4), (26, 2), (19, 11), (19, 12), (3, 10), (13, 12), (13, 12)]","[(33, 16), (29, 10), (29, 6), (31, 4), (26, 2), (19, 11), (19, 12), (3, 10), (13, 12), (13, 12), (15, 8)]","{(34, 1), (21, 16), (4, 9), (34, 10), (27, 4), (27, 13), (17, 12), (30, 9), (8, 9), (32, 12), (1, 15), (26, 14), (6, 11), (15, 14), (21, 9), (34, 3), (34, 12), (27, 6), (17, 14), (8, 11), (19, 11), (11, 16), (32, 14), (1, 8), (26, 16), (15, 16), (6, 13), (18, 12), (34, 14), (22, 12), (27, 8), (30, 4), (28, 16), (30, 13), (17, 16), (5, 14), (33, 6), (32, 16), (24, 12), (26, 9), (25, 11), (1, 10), (16, 8), (31, 8), (34, 7), (27, 1), (34, 16), (12, 13), (14, 10), (17, 9), (30, 6), (5, 16), (9, 14), (33, 8), (1, 12), (26, 11), (13, 14), (16, 10), (31, 1), (18, 16), (7, 16), (31, 10), (20, 10), (22, 16), (14, 12), (4, 11), (33, 1), (9, 16), (33, 10), (24, 16), (13, 16), (25, 15), (1, 14), (16, 12), (31, 3), (34, 2), (31, 12), (34, 11), (22, 9), (20, 12), (14, 14), (4, 13), (32, 4), (8, 13), (33, 12), (24, 9), (1, 7), (10, 10), (1, 16), (16, 14), (34, 4), (31, 14), (12, 10), (3, 7), (14, 16), (3, 16), (32, 6), (33, 14), (24, 11), (1, 9), (10, 12), (29, 1), (16, 16), (6, 8), (34, 6), (31, 16), (20, 16), (23, 12), (12, 12), (4, 8), (27, 3), (27, 12), (30, 8), (8, 8), (33, 16), (1, 11), (10, 14), (6, 10), (20, 9), (12, 14), (14, 11), (4, 10), (27, 5), (32, 1), (30, 1), (27, 14), (17, 13), (30, 10), (8, 10), (10, 16), (1, 13), (25, 14), (6, 12), (20, 11), (23, 16), (12, 16), (4, 12), (27, 7), (30, 3), (27, 16), (30, 12), (8, 12), (19, 12), (25, 16), (31, 4), (29, 16), (6, 14), (21, 12), (23, 9), (4, 14), (34, 15), (27, 9), (17, 8), (30, 5), (33, 4), (30, 14), (8, 14), (10, 11), (11, 10), (25, 9), (32, 8), (2, 7), (2, 16), (15, 10), (31, 6), (6, 16), (12, 11), (4, 7), (34, 8), (27, 2), (28, 1), (4, 16), (27, 11), (17, 10), (30, 16), (19, 16), (8, 16), (10, 13), (32, 10), (15, 12), (6, 9), (7, 8)}",170,N/A,N/A
183,"(15, 8)","(16, 8)",West,"[(14, 8)]","[(33, 16), (29, 10), (29, 6), (31, 4), (26, 2), (19, 11), (19, 12), (3, 10), (13, 12), (13, 12)]","[(33, 16), (29, 10), (29, 6), (31, 4), (26, 2), (19, 11), (19, 12), (3, 10), (13, 12), (13, 12), (14, 8)]","{(34, 1), (21, 16), (4, 9), (34, 10), (27, 4), (27, 13), (17, 12), (30, 9), (8, 9), (32, 12), (1, 15), (26, 14), (6, 11), (15, 14), (21, 9), (34, 3), (34, 12), (27, 6), (17, 14), (8, 11), (19, 11), (11, 16), (32, 14), (1, 8), (26, 16), (15, 16), (6, 13), (18, 12), (34, 14), (22, 12), (27, 8), (30, 4), (28, 16), (30, 13), (17, 16), (5, 14), (33, 6), (32, 16), (24, 12), (26, 9), (25, 11), (1, 10), (16, 8), (31, 8), (34, 7), (27, 1), (34, 16), (12, 13), (14, 10), (17, 9), (30, 6), (5, 16), (9, 14), (33, 8), (1, 12), (26, 11), (13, 14), (16, 10), (31, 1), (18, 16), (7, 16), (31, 10), (20, 10), (22, 16), (14, 12), (4, 11), (33, 1), (9, 16), (33, 10), (24, 16), (13, 16), (25, 15), (1, 14), (16, 12), (31, 3), (34, 2), (31, 12), (34, 11), (22, 9), (20, 12), (14, 14), (4, 13), (32, 4), (8, 13), (33, 12), (24, 9), (1, 7), (10, 10), (1, 16), (16, 14), (34, 4), (31, 14), (12, 10), (3, 7), (14, 16), (3, 16), (32, 6), (33, 14), (24, 11), (1, 9), (10, 12), (29, 1), (16, 16), (6, 8), (34, 6), (31, 16), (20, 16), (23, 12), (12, 12), (4, 8), (27, 3), (27, 12), (30, 8), (8, 8), (33, 16), (1, 11), (10, 14), (6, 10), (20, 9), (12, 14), (14, 11), (4, 10), (27, 5), (32, 1), (30, 1), (27, 14), (17, 13), (30, 10), (8, 10), (10, 16), (1, 13), (25, 14), (6, 12), (20, 11), (23, 16), (12, 16), (4, 12), (27, 7), (30, 3), (27, 16), (30, 12), (8, 12), (19, 12), (25, 16), (15, 8), (31, 4), (29, 16), (6, 14), (21, 12), (23, 9), (4, 14), (34, 15), (27, 9), (17, 8), (30, 5), (33, 4), (30, 14), (8, 14), (10, 11), (11, 10), (25, 9), (32, 8), (2, 7), (2, 16), (15, 10), (31, 6), (6, 16), (12, 11), (4, 7), (34, 8), (27, 2), (28, 1), (4, 16), (27, 11), (17, 10), (30, 16), (19, 16), (8, 16), (10, 13), (32, 10), (15, 12), (6, 9), (7, 8)}",171,N/A,N/A
184,"(14, 8)","(15, 8)",West,"[(13, 8)]","[(33, 16), (29, 10), (29, 6), (31, 4), (26, 2), (19, 11), (19, 12), (3, 10), (13, 12), (13, 12)]","[(33, 16), (29, 10), (29, 6), (31, 4), (26, 2), (19, 11), (19, 12), (3, 10), (13, 12), (13, 12), (13, 8)]","{(34, 1), (21, 16), (4, 9), (34, 10), (27, 4), (27, 13), (17, 12), (30, 9), (8, 9), (32, 12), (1, 15), (26, 14), (6, 11), (15, 14), (21, 9), (34, 3), (34, 12), (27, 6), (17, 14), (8, 11), (19, 11), (11, 16), (32, 14), (1, 8), (26, 16), (15, 16), (6, 13), (18, 12), (34, 14), (22, 12), (27, 8), (14, 8), (30, 4), (28, 16), (30, 13), (17, 16), (5, 14), (33, 6), (32, 16), (24, 12), (26, 9), (25, 11), (1, 10), (16, 8), (31, 8), (34, 7), (27, 1), (34, 16), (12, 13), (14, 10), (17, 9), (30, 6), (5, 16), (9, 14), (33, 8), (1, 12), (26, 11), (13, 14), (16, 10), (31, 1), (18, 16), (7, 16), (31, 10), (20, 10), (22, 16), (14, 12), (4, 11), (33, 1), (9, 16), (33, 10), (24, 16), (13, 16), (25, 15), (1, 14), (16, 12), (31, 3), (34, 2), (31, 12), (34, 11), (22, 9), (20, 12), (14, 14), (4, 13), (32, 4), (8, 13), (33, 12), (24, 9), (1, 7), (10, 10), (1, 16), (16, 14), (34, 4), (31, 14), (12, 10), (3, 7), (14, 16), (3, 16), (32, 6), (33, 14), (24, 11), (1, 9), (10, 12), (29, 1), (16, 16), (6, 8), (34, 6), (31, 16), (20, 16), (23, 12), (12, 12), (4, 8), (27, 3), (27, 12), (30, 8), (8, 8), (33, 16), (1, 11), (10, 14), (6, 10), (20, 9), (12, 14), (14, 11), (4, 10), (27, 5), (32, 1), (30, 1), (27, 14), (17, 13), (30, 10), (8, 10), (10, 16), (1, 13), (25, 14), (6, 12), (20, 11), (23, 16), (12, 16), (4, 12), (27, 7), (30, 3), (27, 16), (30, 12), (8, 12), (19, 12), (25, 16), (15, 8), (31, 4), (29, 16), (6, 14), (21, 12), (23, 9), (4, 14), (34, 15), (27, 9), (17, 8), (30, 5), (33, 4), (30, 14), (8, 14), (10, 11), (11, 10), (25, 9), (32, 8), (2, 7), (2, 16), (15, 10), (31, 6), (6, 16), (12, 11), (4, 7), (34, 8), (27, 2), (28, 1), (4, 16), (27, 11), (17, 10), (30, 16), (19, 16), (8, 16), (10, 13), (32, 10), (15, 12), (6, 9), (7, 8)}",172,N/A,N/A
185,"(13, 8)","(14, 8)",West,"[(12, 8)]","[(33, 16), (29, 10), (29, 6), (31, 4), (26, 2), (19, 11), (19, 12), (3, 10), (13, 12), (13, 12)]","[(33, 16), (29, 10), (29, 6), (31, 4), (26, 2), (19, 11), (19, 12), (3, 10), (13, 12), (13, 12), (12, 8)]","{(34, 1), (21, 16), (4, 9), (34, 10), (27, 4), (27, 13), (17, 12), (30, 9), (8, 9), (32, 12), (13, 8), (1, 15), (26, 14), (6, 11), (15, 14), (21, 9), (34, 3), (34, 12), (27, 6), (17, 14), (8, 11), (19, 11), (11, 16), (32, 14), (1, 8), (26, 16), (15, 16), (6, 13), (18, 12), (34, 14), (22, 12), (27, 8), (14, 8), (30, 4), (28, 16), (30, 13), (17, 16), (5, 14), (33, 6), (32, 16), (24, 12), (26, 9), (25, 11), (1, 10), (16, 8), (31, 8), (34, 7), (27, 1), (34, 16), (12, 13), (14, 10), (17, 9), (30, 6), (5, 16), (9, 14), (33, 8), (1, 12), (26, 11), (13, 14), (16, 10), (31, 1), (18, 16), (7, 16), (31, 10), (20, 10), (22, 16), (14, 12), (4, 11), (33, 1), (9, 16), (33, 10), (24, 16), (13, 16), (25, 15), (1, 14), (16, 12), (31, 3), (34, 2), (31, 12), (34, 11), (22, 9), (20, 12), (14, 14), (4, 13), (32, 4), (8, 13), (33, 12), (24, 9), (1, 7), (10, 10), (1, 16), (16, 14), (34, 4), (31, 14), (12, 10), (3, 7), (14, 16), (3, 16), (32, 6), (33, 14), (24, 11), (1, 9), (10, 12), (29, 1), (16, 16), (6, 8), (34, 6), (31, 16), (20, 16), (23, 12), (12, 12), (4, 8), (27, 3), (27, 12), (30, 8), (8, 8), (33, 16), (1, 11), (10, 14), (6, 10), (20, 9), (12, 14), (14, 11), (4, 10), (27, 5), (32, 1), (30, 1), (27, 14), (17, 13), (30, 10), (8, 10), (10, 16), (1, 13), (25, 14), (6, 12), (20, 11), (23, 16), (12, 16), (4, 12), (27, 7), (30, 3), (27, 16), (30, 12), (8, 12), (19, 12), (25, 16), (15, 8), (31, 4), (29, 16), (6, 14), (21, 12), (23, 9), (4, 14), (34, 15), (27, 9), (17, 8), (30, 5), (33, 4), (30, 14), (8, 14), (10, 11), (11, 10), (25, 9), (32, 8), (2, 7), (2, 16), (15, 10), (31, 6), (6, 16), (12, 11), (4, 7), (34, 8), (27, 2), (28, 1), (4, 16), (27, 11), (17, 10), (30, 16), (19, 16), (8, 16), (10, 13), (32, 10), (15, 12), (6, 9), (7, 8)}",173,N/A,N/A
186,"(12, 8)","(13, 8)",West,"[(11, 8)]","[(33, 16), (29, 10), (29, 6), (31, 4), (26, 2), (19, 11), (19, 12), (3, 10), (13, 12), (13, 12)]","[(33, 16), (29, 10), (29, 6), (31, 4), (26, 2), (19, 11), (19, 12), (3, 10), (13, 12), (13, 12), (11, 8)]","{(34, 1), (21, 16), (4, 9), (34, 10), (27, 4), (27, 13), (17, 12), (30, 9), (8, 9), (32, 12), (13, 8), (1, 15), (26, 14), (6, 11), (15, 14), (21, 9), (34, 3), (34, 12), (27, 6), (17, 14), (8, 11), (19, 11), (11, 16), (32, 14), (1, 8), (26, 16), (15, 16), (6, 13), (18, 12), (34, 14), (22, 12), (27, 8), (14, 8), (30, 4), (28, 16), (30, 13), (17, 16), (5, 14), (33, 6), (32, 16), (24, 12), (26, 9), (25, 11), (1, 10), (16, 8), (31, 8), (34, 7), (27, 1), (34, 16), (12, 13), (14, 10), (17, 9), (30, 6), (5, 16), (9, 14), (33, 8), (1, 12), (26, 11), (13, 14), (16, 10), (31, 1), (18, 16), (7, 16), (31, 10), (20, 10), (22, 16), (14, 12), (4, 11), (33, 1), (9, 16), (33, 10), (24, 16), (13, 16), (25, 15), (1, 14), (16, 12), (31, 3), (34, 2), (31, 12), (34, 11), (22, 9), (20, 12), (12, 8), (14, 14), (4, 13), (32, 4), (8, 13), (33, 12), (24, 9), (1, 7), (10, 10), (1, 16), (16, 14), (34, 4), (31, 14), (12, 10), (3, 7), (14, 16), (3, 16), (32, 6), (33, 14), (24, 11), (1, 9), (10, 12), (29, 1), (16, 16), (6, 8), (34, 6), (31, 16), (20, 16), (23, 12), (12, 12), (4, 8), (27, 3), (27, 12), (30, 8), (8, 8), (33, 16), (1, 11), (10, 14), (6, 10), (20, 9), (12, 14), (14, 11), (4, 10), (27, 5), (32, 1), (30, 1), (27, 14), (17, 13), (30, 10), (8, 10), (10, 16), (1, 13), (25, 14), (6, 12), (20, 11), (23, 16), (12, 16), (4, 12), (27, 7), (30, 3), (27, 16), (30, 12), (8, 12), (19, 12), (25, 16), (15, 8), (31, 4), (29, 16), (6, 14), (21, 12), (23, 9), (4, 14), (34, 15), (27, 9), (17, 8), (30, 5), (33, 4), (30, 14), (8, 14), (10, 11), (11, 10), (25, 9), (32, 8), (2, 7), (2, 16), (15, 10), (31, 6), (6, 16), (12, 11), (4, 7), (34, 8), (27, 2), (28, 1), (4, 16), (27, 11), (17, 10), (30, 16), (19, 16), (8, 16), (10, 13), (32, 10), (15, 12), (6, 9), (7, 8)}",174,N/A,N/A
187,"(11, 8)","(12, 8)",West,"[(11, 7)]","[(33, 16), (29, 10), (29, 6), (31, 4), (26, 2), (19, 11), (19, 12), (3, 10), (13, 12), (13, 12)]","[(33, 16), (29, 10), (29, 6), (31, 4), (26, 2), (19, 11), (19, 12), (3, 10), (13, 12), (13, 12), (11, 7)]","{(34, 1), (21, 16), (4, 9), (34, 10), (27, 4), (27, 13), (17, 12), (30, 9), (8, 9), (32, 12), (13, 8), (1, 15), (26, 14), (6, 11), (15, 14), (21, 9), (34, 3), (34, 12), (27, 6), (17, 14), (8, 11), (19, 11), (11, 16), (32, 14), (1, 8), (26, 16), (15, 16), (6, 13), (18, 12), (34, 14), (22, 12), (27, 8), (14, 8), (30, 4), (28, 16), (30, 13), (17, 16), (5, 14), (33, 6), (32, 16), (24, 12), (26, 9), (25, 11), (1, 10), (16, 8), (31, 8), (34, 7), (27, 1), (34, 16), (12, 13), (14, 10), (17, 9), (30, 6), (5, 16), (9, 14), (33, 8), (1, 12), (26, 11), (13, 14), (16, 10), (31, 1), (18, 16), (7, 16), (31, 10), (20, 10), (22, 16), (14, 12), (4, 11), (33, 1), (9, 16), (33, 10), (24, 16), (13, 16), (25, 15), (1, 14), (16, 12), (31, 3), (34, 2), (31, 12), (34, 11), (22, 9), (20, 12), (12, 8), (14, 14), (4, 13), (32, 4), (8, 13), (33, 12), (24, 9), (1, 7), (10, 10), (1, 16), (16, 14), (34, 4), (31, 14), (12, 10), (3, 7), (14, 16), (3, 16), (32, 6), (33, 14), (24, 11), (1, 9), (10, 12), (29, 1), (16, 16), (6, 8), (34, 6), (31, 16), (20, 16), (23, 12), (12, 12), (4, 8), (27, 3), (27, 12), (30, 8), (8, 8), (33, 16), (1, 11), (10, 14), (6, 10), (20, 9), (12, 14), (14, 11), (4, 10), (27, 5), (32, 1), (30, 1), (27, 14), (17, 13), (30, 10), (8, 10), (10, 16), (1, 13), (25, 14), (6, 12), (20, 11), (23, 16), (12, 16), (4, 12), (27, 7), (30, 3), (27, 16), (30, 12), (8, 12), (19, 12), (11, 8), (25, 16), (15, 8), (31, 4), (29, 16), (6, 14), (21, 12), (23, 9), (4, 14), (34, 15), (27, 9), (17, 8), (30, 5), (33, 4), (30, 14), (8, 14), (10, 11), (11, 10), (25, 9), (32, 8), (2, 7), (2, 16), (15, 10), (31, 6), (6, 16), (12, 11), (4, 7), (34, 8), (27, 2), (28, 1), (4, 16), (27, 11), (17, 10), (30, 16), (19, 16), (8, 16), (10, 13), (32, 10), (15, 12), (6, 9), (7, 8)}",175,N/A,N/A
188,"(11, 7)","(11, 8)",South,"[(11, 6)]","[(33, 16), (29, 10), (29, 6), (31, 4), (26, 2), (19, 11), (19, 12), (3, 10), (13, 12), (13, 12)]","[(33, 16), (29, 10), (29, 6), (31, 4), (26, 2), (19, 11), (19, 12), (3, 10), (13, 12), (13, 12), (11, 6)]","{(34, 1), (21, 16), (4, 9), (34, 10), (27, 4), (27, 13), (17, 12), (30, 9), (8, 9), (32, 12), (13, 8), (1, 15), (26, 14), (6, 11), (15, 14), (21, 9), (34, 3), (34, 12), (27, 6), (17, 14), (8, 11), (19, 11), (11, 7), (11, 16), (32, 14), (1, 8), (26, 16), (15, 16), (6, 13), (18, 12), (34, 14), (22, 12), (27, 8), (14, 8), (30, 4), (28, 16), (30, 13), (17, 16), (5, 14), (33, 6), (32, 16), (24, 12), (26, 9), (25, 11), (1, 10), (16, 8), (31, 8), (34, 7), (27, 1), (34, 16), (12, 13), (14, 10), (17, 9), (30, 6), (5, 16), (9, 14), (33, 8), (1, 12), (26, 11), (13, 14), (16, 10), (31, 1), (18, 16), (7, 16), (31, 10), (20, 10), (22, 16), (14, 12), (4, 11), (33, 1), (9, 16), (33, 10), (24, 16), (13, 16), (25, 15), (1, 14), (16, 12), (31, 3), (34, 2), (31, 12), (34, 11), (22, 9), (20, 12), (12, 8), (14, 14), (4, 13), (32, 4), (8, 13), (33, 12), (24, 9), (1, 7), (10, 10), (1, 16), (16, 14), (34, 4), (31, 14), (12, 10), (3, 7), (14, 16), (3, 16), (32, 6), (33, 14), (24, 11), (1, 9), (10, 12), (29, 1), (16, 16), (6, 8), (34, 6), (31, 16), (20, 16), (23, 12), (12, 12), (4, 8), (27, 3), (27, 12), (30, 8), (8, 8), (33, 16), (1, 11), (10, 14), (6, 10), (20, 9), (12, 14), (14, 11), (4, 10), (27, 5), (32, 1), (30, 1), (27, 14), (17, 13), (30, 10), (8, 10), (10, 16), (1, 13), (25, 14), (6, 12), (20, 11), (23, 16), (12, 16), (4, 12), (27, 7), (30, 3), (27, 16), (30, 12), (8, 12), (19, 12), (11, 8), (25, 16), (15, 8), (31, 4), (29, 16), (6, 14), (21, 12), (23, 9), (4, 14), (34, 15), (27, 9), (17, 8), (30, 5), (33, 4), (30, 14), (8, 14), (10, 11), (11, 10), (25, 9), (32, 8), (2, 7), (2, 16), (15, 10), (31, 6), (6, 16), (12, 11), (4, 7), (34, 8), (27, 2), (28, 1), (4, 16), (27, 11), (17, 10), (30, 16), (19, 16), (8, 16), (10, 13), (32, 10), (15, 12), (6, 9), (7, 8)}",176,N/A,N/A
189,"(11, 6)","(11, 7)",South,"[(10, 6)]","[(33, 16), (29, 10), (29, 6), (31, 4), (26, 2), (19, 11), (19, 12), (3, 10), (13, 12), (13, 12)]","[(33, 16), (29, 10), (29, 6), (31, 4), (26, 2), (19, 11), (19, 12), (3, 10), (13, 12), (13, 12), (10, 6)]","{(34, 1), (21, 16), (4, 9), (34, 10), (27, 4), (27, 13), (17, 12), (30, 9), (8, 9), (32, 12), (13, 8), (1, 15), (26, 14), (6, 11), (15, 14), (21, 9), (34, 3), (34, 12), (27, 6), (17, 14), (8, 11), (19, 11), (11, 7), (11, 16), (32, 14), (1, 8), (26, 16), (15, 16), (6, 13), (18, 12), (34, 14), (22, 12), (27, 8), (14, 8), (30, 4), (28, 16), (30, 13), (17, 16), (5, 14), (33, 6), (32, 16), (24, 12), (26, 9), (25, 11), (1, 10), (16, 8), (31, 8), (34, 7), (27, 1), (34, 16), (12, 13), (14, 10), (17, 9), (30, 6), (5, 16), (9, 14), (33, 8), (1, 12), (26, 11), (13, 14), (16, 10), (31, 1), (18, 16), (7, 16), (31, 10), (20, 10), (22, 16), (14, 12), (4, 11), (33, 1), (9, 16), (33, 10), (24, 16), (13, 16), (25, 15), (1, 14), (16, 12), (31, 3), (34, 2), (31, 12), (34, 11), (22, 9), (20, 12), (12, 8), (14, 14), (4, 13), (32, 4), (8, 13), (33, 12), (24, 9), (1, 7), (10, 10), (1, 16), (16, 14), (34, 4), (31, 14), (12, 10), (3, 7), (14, 16), (3, 16), (32, 6), (33, 14), (24, 11), (1, 9), (10, 12), (29, 1), (16, 16), (6, 8), (34, 6), (31, 16), (20, 16), (23, 12), (12, 12), (4, 8), (27, 3), (27, 12), (30, 8), (8, 8), (33, 16), (1, 11), (10, 14), (6, 10), (20, 9), (12, 14), (14, 11), (4, 10), (27, 5), (32, 1), (30, 1), (27, 14), (17, 13), (30, 10), (8, 10), (11, 6), (10, 16), (1, 13), (25, 14), (6, 12), (20, 11), (23, 16), (12, 16), (4, 12), (27, 7), (30, 3), (27, 16), (30, 12), (8, 12), (19, 12), (11, 8), (25, 16), (15, 8), (31, 4), (29, 16), (6, 14), (21, 12), (23, 9), (4, 14), (34, 15), (27, 9), (17, 8), (30, 5), (33, 4), (30, 14), (8, 14), (10, 11), (11, 10), (25, 9), (32, 8), (2, 7), (2, 16), (15, 10), (31, 6), (6, 16), (12, 11), (4, 7), (34, 8), (27, 2), (28, 1), (4, 16), (27, 11), (17, 10), (30, 16), (19, 16), (8, 16), (10, 13), (32, 10), (15, 12), (6, 9), (7, 8)}",177,N/A,N/A
190,"(10, 6)","(11, 6)",West,"[(9, 6)]","[(33, 16), (29, 10), (29, 6), (31, 4), (26, 2), (19, 11), (19, 12), (3, 10), (13, 12), (13, 12)]","[(33, 16), (29, 10), (29, 6), (31, 4), (26, 2), (19, 11), (19, 12), (3, 10), (13, 12), (13, 12), (9, 6)]","{(34, 1), (21, 16), (4, 9), (34, 10), (27, 4), (27, 13), (17, 12), (30, 9), (8, 9), (10, 6), (32, 12), (13, 8), (1, 15), (26, 14), (6, 11), (15, 14), (21, 9), (34, 3), (34, 12), (27, 6), (17, 14), (8, 11), (19, 11), (11, 7), (11, 16), (32, 14), (1, 8), (26, 16), (15, 16), (6, 13), (18, 12), (34, 14), (22, 12), (27, 8), (14, 8), (30, 4), (28, 16), (30, 13), (17, 16), (5, 14), (33, 6), (32, 16), (24, 12), (26, 9), (25, 11), (1, 10), (16, 8), (31, 8), (34, 7), (27, 1), (34, 16), (12, 13), (14, 10), (17, 9), (30, 6), (5, 16), (9, 14), (33, 8), (1, 12), (26, 11), (13, 14), (16, 10), (31, 1), (18, 16), (7, 16), (31, 10), (20, 10), (22, 16), (14, 12), (4, 11), (33, 1), (9, 16), (33, 10), (24, 16), (13, 16), (25, 15), (1, 14), (16, 12), (31, 3), (34, 2), (31, 12), (34, 11), (22, 9), (20, 12), (12, 8), (14, 14), (4, 13), (32, 4), (8, 13), (33, 12), (24, 9), (1, 7), (10, 10), (1, 16), (16, 14), (34, 4), (31, 14), (12, 10), (3, 7), (14, 16), (3, 16), (32, 6), (33, 14), (24, 11), (1, 9), (10, 12), (29, 1), (16, 16), (6, 8), (34, 6), (31, 16), (20, 16), (23, 12), (12, 12), (4, 8), (27, 3), (27, 12), (30, 8), (8, 8), (33, 16), (1, 11), (10, 14), (6, 10), (20, 9), (12, 14), (14, 11), (4, 10), (27, 5), (32, 1), (30, 1), (27, 14), (17, 13), (30, 10), (8, 10), (11, 6), (10, 16), (1, 13), (25, 14), (6, 12), (20, 11), (23, 16), (12, 16), (4, 12), (27, 7), (30, 3), (27, 16), (30, 12), (8, 12), (19, 12), (11, 8), (25, 16), (15, 8), (31, 4), (29, 16), (6, 14), (21, 12), (23, 9), (4, 14), (34, 15), (27, 9), (17, 8), (30, 5), (33, 4), (30, 14), (8, 14), (10, 11), (11, 10), (25, 9), (32, 8), (2, 7), (2, 16), (15, 10), (31, 6), (6, 16), (12, 11), (4, 7), (34, 8), (27, 2), (28, 1), (4, 16), (27, 11), (17, 10), (30, 16), (19, 16), (8, 16), (10, 13), (32, 10), (15, 12), (6, 9), (7, 8)}",178,N/A,N/A
191,"(9, 6)","(10, 6)",West,"[(8, 6)]","[(33, 16), (29, 10), (29, 6), (31, 4), (26, 2), (19, 11), (19, 12), (3, 10), (13, 12), (13, 12)]","[(33, 16), (29, 10), (29, 6), (31, 4), (26, 2), (19, 11), (19, 12), (3, 10), (13, 12), (13, 12), (8, 6)]","{(34, 1), (21, 16), (4, 9), (34, 10), (27, 4), (27, 13), (17, 12), (30, 9), (8, 9), (10, 6), (32, 12), (13, 8), (1, 15), (26, 14), (6, 11), (15, 14), (21, 9), (34, 3), (34, 12), (27, 6), (17, 14), (8, 11), (19, 11), (11, 7), (11, 16), (32, 14), (1, 8), (26, 16), (15, 16), (6, 13), (18, 12), (34, 14), (22, 12), (27, 8), (14, 8), (30, 4), (28, 16), (30, 13), (17, 16), (5, 14), (33, 6), (32, 16), (24, 12), (26, 9), (25, 11), (1, 10), (16, 8), (31, 8), (34, 7), (27, 1), (34, 16), (12, 13), (14, 10), (17, 9), (30, 6), (5, 16), (9, 14), (33, 8), (1, 12), (26, 11), (13, 14), (16, 10), (31, 1), (18, 16), (7, 16), (31, 10), (20, 10), (22, 16), (14, 12), (4, 11), (33, 1), (9, 16), (33, 10), (24, 16), (13, 16), (25, 15), (1, 14), (16, 12), (31, 3), (34, 2), (31, 12), (34, 11), (22, 9), (20, 12), (12, 8), (14, 14), (4, 13), (32, 4), (8, 13), (33, 12), (24, 9), (1, 7), (10, 10), (1, 16), (16, 14), (34, 4), (31, 14), (12, 10), (3, 7), (14, 16), (3, 16), (32, 6), (33, 14), (24, 11), (1, 9), (10, 12), (29, 1), (16, 16), (6, 8), (34, 6), (31, 16), (20, 16), (23, 12), (12, 12), (4, 8), (27, 3), (27, 12), (30, 8), (8, 8), (33, 16), (1, 11), (10, 14), (6, 10), (20, 9), (12, 14), (14, 11), (4, 10), (27, 5), (32, 1), (30, 1), (27, 14), (17, 13), (30, 10), (8, 10), (11, 6), (10, 16), (1, 13), (25, 14), (6, 12), (20, 11), (23, 16), (12, 16), (4, 12), (27, 7), (30, 3), (27, 16), (30, 12), (8, 12), (19, 12), (11, 8), (25, 16), (15, 8), (31, 4), (29, 16), (6, 14), (21, 12), (23, 9), (4, 14), (34, 15), (27, 9), (17, 8), (30, 5), (33, 4), (30, 14), (8, 14), (10, 11), (11, 10), (25, 9), (32, 8), (2, 7), (2, 16), (15, 10), (31, 6), (6, 16), (12, 11), (4, 7), (34, 8), (27, 2), (28, 1), (4, 16), (27, 11), (17, 10), (9, 6), (30, 16), (19, 16), (8, 16), (10, 13), (32, 10), (15, 12), (6, 9), (7, 8)}",179,N/A,N/A
192,"(8, 6)","(9, 6)",West,"[(7, 6)]","[(33, 16), (29, 10), (29, 6), (31, 4), (26, 2), (19, 11), (19, 12), (3, 10), (13, 12), (13, 12)]","[(33, 16), (29, 10), (29, 6), (31, 4), (26, 2), (19, 11), (19, 12), (3, 10), (13, 12), (13, 12), (7, 6)]","{(34, 1), (21, 16), (4, 9), (34, 10), (27, 4), (27, 13), (17, 12), (30, 9), (8, 9), (10, 6), (32, 12), (13, 8), (1, 15), (26, 14), (6, 11), (15, 14), (21, 9), (34, 3), (34, 12), (27, 6), (17, 14), (8, 11), (19, 11), (11, 7), (11, 16), (32, 14), (1, 8), (26, 16), (15, 16), (6, 13), (18, 12), (34, 14), (22, 12), (27, 8), (14, 8), (30, 4), (28, 16), (30, 13), (17, 16), (5, 14), (33, 6), (32, 16), (24, 12), (26, 9), (25, 11), (1, 10), (16, 8), (31, 8), (34, 7), (27, 1), (34, 16), (12, 13), (14, 10), (17, 9), (30, 6), (5, 16), (9, 14), (33, 8), (1, 12), (26, 11), (13, 14), (16, 10), (31, 1), (18, 16), (7, 16), (31, 10), (20, 10), (22, 16), (14, 12), (4, 11), (33, 1), (9, 16), (33, 10), (24, 16), (13, 16), (25, 15), (1, 14), (16, 12), (31, 3), (34, 2), (31, 12), (34, 11), (22, 9), (20, 12), (12, 8), (14, 14), (4, 13), (32, 4), (8, 13), (33, 12), (24, 9), (1, 7), (10, 10), (1, 16), (16, 14), (34, 4), (31, 14), (12, 10), (3, 7), (14, 16), (3, 16), (32, 6), (8, 6), (33, 14), (24, 11), (1, 9), (10, 12), (29, 1), (16, 16), (6, 8), (34, 6), (31, 16), (20, 16), (23, 12), (12, 12), (4, 8), (27, 3), (27, 12), (30, 8), (8, 8), (33, 16), (1, 11), (10, 14), (6, 10), (20, 9), (12, 14), (14, 11), (4, 10), (27, 5), (32, 1), (30, 1), (27, 14), (17, 13), (30, 10), (8, 10), (11, 6), (10, 16), (1, 13), (25, 14), (6, 12), (20, 11), (23, 16), (12, 16), (4, 12), (27, 7), (30, 3), (27, 16), (30, 12), (8, 12), (19, 12), (11, 8), (25, 16), (15, 8), (31, 4), (29, 16), (6, 14), (21, 12), (23, 9), (4, 14), (34, 15), (27, 9), (17, 8), (30, 5), (33, 4), (30, 14), (8, 14), (10, 11), (11, 10), (25, 9), (32, 8), (2, 7), (2, 16), (15, 10), (31, 6), (6, 16), (12, 11), (4, 7), (34, 8), (27, 2), (28, 1), (4, 16), (27, 11), (17, 10), (9, 6), (30, 16), (19, 16), (8, 16), (10, 13), (32, 10), (15, 12), (6, 9), (7, 8)}",180,N/A,N/A
193,"(7, 6)","(8, 6)",West,"[(6, 6)]","[(33, 16), (29, 10), (29, 6), (31, 4), (26, 2), (19, 11), (19, 12), (3, 10), (13, 12), (13, 12)]","[(33, 16), (29, 10), (29, 6), (31, 4), (26, 2), (19, 11), (19, 12), (3, 10), (13, 12), (13, 12), (6, 6)]","{(34, 1), (21, 16), (4, 9), (34, 10), (27, 4), (27, 13), (17, 12), (30, 9), (8, 9), (10, 6), (32, 12), (13, 8), (1, 15), (26, 14), (6, 11), (15, 14), (21, 9), (34, 3), (34, 12), (27, 6), (17, 14), (8, 11), (19, 11), (11, 7), (11, 16), (32, 14), (1, 8), (26, 16), (15, 16), (6, 13), (18, 12), (34, 14), (22, 12), (27, 8), (14, 8), (30, 4), (28, 16), (30, 13), (17, 16), (5, 14), (33, 6), (32, 16), (24, 12), (26, 9), (25, 11), (1, 10), (16, 8), (31, 8), (34, 7), (27, 1), (34, 16), (12, 13), (14, 10), (17, 9), (30, 6), (5, 16), (9, 14), (33, 8), (1, 12), (26, 11), (13, 14), (16, 10), (31, 1), (18, 16), (7, 16), (31, 10), (20, 10), (22, 16), (14, 12), (4, 11), (33, 1), (9, 16), (33, 10), (24, 16), (13, 16), (25, 15), (1, 14), (16, 12), (31, 3), (34, 2), (31, 12), (34, 11), (22, 9), (20, 12), (12, 8), (14, 14), (4, 13), (32, 4), (8, 13), (33, 12), (24, 9), (1, 7), (10, 10), (1, 16), (16, 14), (34, 4), (31, 14), (12, 10), (3, 7), (14, 16), (3, 16), (32, 6), (8, 6), (33, 14), (24, 11), (1, 9), (10, 12), (29, 1), (16, 16), (6, 8), (34, 6), (31, 16), (20, 16), (23, 12), (12, 12), (4, 8), (27, 3), (27, 12), (30, 8), (8, 8), (33, 16), (1, 11), (10, 14), (6, 10), (20, 9), (12, 14), (14, 11), (4, 10), (27, 5), (32, 1), (30, 1), (27, 14), (17, 13), (30, 10), (8, 10), (11, 6), (10, 16), (1, 13), (25, 14), (6, 12), (20, 11), (23, 16), (12, 16), (4, 12), (27, 7), (30, 3), (27, 16), (30, 12), (8, 12), (19, 12), (11, 8), (25, 16), (15, 8), (31, 4), (29, 16), (6, 14), (21, 12), (23, 9), (4, 14), (34, 15), (27, 9), (17, 8), (30, 5), (33, 4), (30, 14), (8, 14), (10, 11), (11, 10), (25, 9), (32, 8), (2, 7), (2, 16), (15, 10), (31, 6), (7, 6), (6, 16), (12, 11), (4, 7), (34, 8), (27, 2), (28, 1), (4, 16), (27, 11), (17, 10), (9, 6), (30, 16), (19, 16), (8, 16), (10, 13), (32, 10), (15, 12), (6, 9), (7, 8)}",181,N/A,N/A
194,"(6, 6)","(7, 6)",West,"[(6, 5)]","[(33, 16), (29, 10), (29, 6), (31, 4), (26, 2), (19, 11), (19, 12), (3, 10), (13, 12), (13, 12)]","[(33, 16), (29, 10), (29, 6), (31, 4), (26, 2), (19, 11), (19, 12), (3, 10), (13, 12), (13, 12), (6, 5)]","{(34, 1), (21, 16), (4, 9), (34, 10), (27, 4), (27, 13), (17, 12), (30, 9), (8, 9), (10, 6), (32, 12), (13, 8), (1, 15), (26, 14), (6, 11), (15, 14), (21, 9), (34, 3), (34, 12), (27, 6), (17, 14), (8, 11), (19, 11), (11, 7), (11, 16), (32, 14), (1, 8), (26, 16), (15, 16), (6, 13), (18, 12), (34, 14), (22, 12), (27, 8), (14, 8), (30, 4), (28, 16), (30, 13), (17, 16), (5, 14), (33, 6), (32, 16), (24, 12), (26, 9), (25, 11), (1, 10), (16, 8), (6, 6), (31, 8), (34, 7), (27, 1), (34, 16), (12, 13), (14, 10), (17, 9), (30, 6), (5, 16), (9, 14), (33, 8), (1, 12), (26, 11), (13, 14), (16, 10), (31, 1), (18, 16), (7, 16), (31, 10), (20, 10), (22, 16), (14, 12), (4, 11), (33, 1), (9, 16), (33, 10), (24, 16), (13, 16), (25, 15), (1, 14), (16, 12), (31, 3), (34, 2), (31, 12), (34, 11), (22, 9), (20, 12), (12, 8), (14, 14), (4, 13), (32, 4), (8, 13), (33, 12), (24, 9), (1, 7), (10, 10), (1, 16), (16, 14), (34, 4), (31, 14), (12, 10), (3, 7), (14, 16), (3, 16), (32, 6), (8, 6), (33, 14), (24, 11), (1, 9), (10, 12), (29, 1), (16, 16), (6, 8), (34, 6), (31, 16), (20, 16), (23, 12), (12, 12), (4, 8), (27, 3), (27, 12), (30, 8), (8, 8), (33, 16), (1, 11), (10, 14), (6, 10), (20, 9), (12, 14), (14, 11), (4, 10), (27, 5), (32, 1), (30, 1), (27, 14), (17, 13), (30, 10), (8, 10), (11, 6), (10, 16), (1, 13), (25, 14), (6, 12), (20, 11), (23, 16), (12, 16), (4, 12), (27, 7), (30, 3), (27, 16), (30, 12), (8, 12), (19, 12), (11, 8), (25, 16), (15, 8), (31, 4), (29, 16), (6, 14), (21, 12), (23, 9), (4, 14), (34, 15), (27, 9), (17, 8), (30, 5), (33, 4), (30, 14), (8, 14), (10, 11), (11, 10), (25, 9), (32, 8), (2, 7), (2, 16), (15, 10), (31, 6), (7, 6), (6, 16), (12, 11), (4, 7), (34, 8), (27, 2), (28, 1), (4, 16), (27, 11), (17, 10), (9, 6), (30, 16), (19, 16), (8, 16), (10, 13), (32, 10), (15, 12), (6, 9), (7, 8)}",182,N/A,N/A
195,"(6, 5)","(6, 6)",South,"[(5, 5)]","[(33, 16), (29, 10), (29, 6), (31, 4), (26, 2), (19, 11), (19, 12), (3, 10), (13, 12), (13, 12)]","[(33, 16), (29, 10), (29, 6), (31, 4), (26, 2), (19, 11), (19, 12), (3, 10), (13, 12), (13, 12), (5, 5)]","{(34, 1), (21, 16), (4, 9), (34, 10), (27, 4), (27, 13), (17, 12), (30, 9), (8, 9), (10, 6), (32, 12), (13, 8), (1, 15), (26, 14), (6, 11), (15, 14), (21, 9), (34, 3), (34, 12), (27, 6), (17, 14), (8, 11), (19, 11), (11, 7), (11, 16), (32, 14), (1, 8), (26, 16), (15, 16), (6, 13), (18, 12), (34, 14), (22, 12), (27, 8), (14, 8), (30, 4), (28, 16), (30, 13), (17, 16), (5, 14), (33, 6), (32, 16), (24, 12), (26, 9), (25, 11), (1, 10), (16, 8), (6, 6), (31, 8), (34, 7), (27, 1), (34, 16), (12, 13), (14, 10), (17, 9), (30, 6), (5, 16), (9, 14), (33, 8), (1, 12), (26, 11), (13, 14), (16, 10), (31, 1), (18, 16), (7, 16), (31, 10), (20, 10), (22, 16), (14, 12), (4, 11), (33, 1), (9, 16), (33, 10), (24, 16), (13, 16), (25, 15), (1, 14), (16, 12), (31, 3), (34, 2), (31, 12), (34, 11), (22, 9), (20, 12), (12, 8), (14, 14), (4, 13), (32, 4), (8, 13), (33, 12), (24, 9), (1, 7), (10, 10), (1, 16), (16, 14), (34, 4), (31, 14), (12, 10), (3, 7), (14, 16), (3, 16), (32, 6), (8, 6), (33, 14), (24, 11), (1, 9), (10, 12), (29, 1), (16, 16), (6, 8), (34, 6), (31, 16), (20, 16), (23, 12), (12, 12), (4, 8), (27, 3), (27, 12), (30, 8), (8, 8), (33, 16), (1, 11), (10, 14), (6, 10), (20, 9), (12, 14), (14, 11), (4, 10), (27, 5), (32, 1), (30, 1), (27, 14), (17, 13), (30, 10), (8, 10), (11, 6), (10, 16), (1, 13), (25, 14), (6, 12), (20, 11), (23, 16), (12, 16), (4, 12), (27, 7), (30, 3), (27, 16), (30, 12), (8, 12), (19, 12), (11, 8), (25, 16), (15, 8), (6, 5), (31, 4), (29, 16), (6, 14), (21, 12), (23, 9), (4, 14), (34, 15), (27, 9), (17, 8), (30, 5), (33, 4), (30, 14), (8, 14), (10, 11), (11, 10), (25, 9), (32, 8), (2, 7), (2, 16), (15, 10), (31, 6), (7, 6), (6, 16), (12, 11), (4, 7), (34, 8), (27, 2), (28, 1), (4, 16), (27, 11), (17, 10), (9, 6), (30, 16), (19, 16), (8, 16), (10, 13), (32, 10), (15, 12), (6, 9), (7, 8)}",183,N/A,N/A
196,"(5, 5)","(6, 5)",West,"[(4, 5)]","[(33, 16), (29, 10), (29, 6), (31, 4), (26, 2), (19, 11), (19, 12), (3, 10), (13, 12), (13, 12)]","[(33, 16), (29, 10), (29, 6), (31, 4), (26, 2), (19, 11), (19, 12), (3, 10), (13, 12), (13, 12), (4, 5)]","{(34, 1), (21, 16), (4, 9), (34, 10), (27, 4), (27, 13), (17, 12), (30, 9), (8, 9), (10, 6), (32, 12), (13, 8), (1, 15), (26, 14), (6, 11), (15, 14), (21, 9), (34, 3), (34, 12), (27, 6), (17, 14), (8, 11), (19, 11), (11, 7), (11, 16), (32, 14), (1, 8), (26, 16), (15, 16), (6, 13), (18, 12), (34, 14), (22, 12), (27, 8), (14, 8), (5, 5), (30, 4), (28, 16), (30, 13), (17, 16), (5, 14), (33, 6), (32, 16), (24, 12), (26, 9), (25, 11), (1, 10), (16, 8), (6, 6), (31, 8), (34, 7), (27, 1), (34, 16), (12, 13), (14, 10), (17, 9), (30, 6), (5, 16), (9, 14), (33, 8), (1, 12), (26, 11), (13, 14), (16, 10), (31, 1), (18, 16), (7, 16), (31, 10), (20, 10), (22, 16), (14, 12), (4, 11), (33, 1), (9, 16), (33, 10), (24, 16), (13, 16), (25, 15), (1, 14), (16, 12), (31, 3), (34, 2), (31, 12), (34, 11), (22, 9), (20, 12), (12, 8), (14, 14), (4, 13), (32, 4), (8, 13), (33, 12), (24, 9), (1, 7), (10, 10), (1, 16), (16, 14), (34, 4), (31, 14), (12, 10), (3, 7), (14, 16), (3, 16), (32, 6), (8, 6), (33, 14), (24, 11), (1, 9), (10, 12), (29, 1), (16, 16), (6, 8), (34, 6), (31, 16), (20, 16), (23, 12), (12, 12), (4, 8), (27, 3), (27, 12), (30, 8), (8, 8), (33, 16), (1, 11), (10, 14), (6, 10), (20, 9), (12, 14), (14, 11), (4, 10), (27, 5), (32, 1), (30, 1), (27, 14), (17, 13), (30, 10), (8, 10), (11, 6), (10, 16), (1, 13), (25, 14), (6, 12), (20, 11), (23, 16), (12, 16), (4, 12), (27, 7), (30, 3), (27, 16), (30, 12), (8, 12), (19, 12), (11, 8), (25, 16), (15, 8), (6, 5), (31, 4), (29, 16), (6, 14), (21, 12), (23, 9), (4, 14), (34, 15), (27, 9), (17, 8), (30, 5), (33, 4), (30, 14), (8, 14), (10, 11), (11, 10), (25, 9), (32, 8), (2, 7), (2, 16), (15, 10), (31, 6), (7, 6), (6, 16), (12, 11), (4, 7), (34, 8), (27, 2), (28, 1), (4, 16), (27, 11), (17, 10), (9, 6), (30, 16), (19, 16), (8, 16), (10, 13), (32, 10), (15, 12), (6, 9), (7, 8)}",184,N/A,N/A
197,"(4, 5)","(5, 5)",West,"[(3, 5)]","[(33, 16), (29, 10), (29, 6), (31, 4), (26, 2), (19, 11), (19, 12), (3, 10), (13, 12), (13, 12)]","[(33, 16), (29, 10), (29, 6), (31, 4), (26, 2), (19, 11), (19, 12), (3, 10), (13, 12), (13, 12), (3, 5)]","{(34, 1), (21, 16), (4, 9), (34, 10), (27, 4), (27, 13), (17, 12), (30, 9), (8, 9), (10, 6), (32, 12), (13, 8), (1, 15), (26, 14), (6, 11), (15, 14), (21, 9), (34, 3), (34, 12), (27, 6), (17, 14), (8, 11), (19, 11), (11, 7), (11, 16), (32, 14), (1, 8), (26, 16), (15, 16), (6, 13), (18, 12), (34, 14), (22, 12), (27, 8), (14, 8), (5, 5), (30, 4), (28, 16), (30, 13), (17, 16), (5, 14), (33, 6), (32, 16), (24, 12), (26, 9), (25, 11), (1, 10), (16, 8), (6, 6), (31, 8), (34, 7), (27, 1), (34, 16), (12, 13), (14, 10), (17, 9), (30, 6), (5, 16), (9, 14), (33, 8), (1, 12), (26, 11), (13, 14), (16, 10), (31, 1), (18, 16), (7, 16), (31, 10), (20, 10), (22, 16), (14, 12), (4, 11), (33, 1), (9, 16), (33, 10), (24, 16), (13, 16), (25, 15), (1, 14), (16, 12), (31, 3), (34, 2), (31, 12), (34, 11), (22, 9), (20, 12), (12, 8), (14, 14), (4, 13), (32, 4), (8, 13), (33, 12), (24, 9), (1, 7), (10, 10), (1, 16), (16, 14), (34, 4), (31, 14), (12, 10), (3, 7), (14, 16), (3, 16), (32, 6), (8, 6), (33, 14), (24, 11), (1, 9), (10, 12), (29, 1), (16, 16), (6, 8), (34, 6), (31, 16), (20, 16), (23, 12), (12, 12), (4, 8), (27, 3), (27, 12), (30, 8), (8, 8), (33, 16), (1, 11), (10, 14), (6, 10), (20, 9), (12, 14), (14, 11), (4, 10), (27, 5), (32, 1), (30, 1), (27, 14), (17, 13), (30, 10), (8, 10), (11, 6), (10, 16), (1, 13), (25, 14), (6, 12), (20, 11), (23, 16), (12, 16), (4, 12), (27, 7), (30, 3), (27, 16), (30, 12), (8, 12), (19, 12), (11, 8), (25, 16), (15, 8), (6, 5), (31, 4), (29, 16), (6, 14), (21, 12), (23, 9), (4, 5), (4, 14), (34, 15), (27, 9), (17, 8), (30, 5), (33, 4), (30, 14), (8, 14), (10, 11), (11, 10), (25, 9), (32, 8), (2, 7), (2, 16), (15, 10), (31, 6), (7, 6), (6, 16), (12, 11), (4, 7), (34, 8), (27, 2), (28, 1), (4, 16), (27, 11), (17, 10), (9, 6), (30, 16), (19, 16), (8, 16), (10, 13), (32, 10), (15, 12), (6, 9), (7, 8)}",185,N/A,N/A
198,"(3, 5)","(4, 5)",West,"[(2, 5)]","[(33, 16), (29, 10), (29, 6), (31, 4), (26, 2), (19, 11), (19, 12), (3, 10), (13, 12), (13, 12)]","[(33, 16), (29, 10), (29, 6), (31, 4), (26, 2), (19, 11), (19, 12), (3, 10), (13, 12), (13, 12), (2, 5)]","{(34, 1), (21, 16), (4, 9), (34, 10), (27, 4), (27, 13), (17, 12), (30, 9), (8, 9), (10, 6), (32, 12), (13, 8), (1, 15), (26, 14), (6, 11), (15, 14), (21, 9), (34, 3), (34, 12), (27, 6), (17, 14), (8, 11), (19, 11), (11, 7), (11, 16), (32, 14), (1, 8), (26, 16), (15, 16), (6, 13), (18, 12), (34, 14), (22, 12), (27, 8), (14, 8), (5, 5), (30, 4), (28, 16), (30, 13), (17, 16), (5, 14), (33, 6), (32, 16), (24, 12), (26, 9), (25, 11), (1, 10), (16, 8), (6, 6), (31, 8), (34, 7), (27, 1), (34, 16), (12, 13), (14, 10), (17, 9), (30, 6), (5, 16), (9, 14), (33, 8), (1, 12), (26, 11), (13, 14), (16, 10), (31, 1), (18, 16), (7, 16), (31, 10), (20, 10), (22, 16), (14, 12), (4, 11), (33, 1), (9, 16), (33, 10), (24, 16), (13, 16), (25, 15), (1, 14), (16, 12), (31, 3), (34, 2), (31, 12), (34, 11), (22, 9), (20, 12), (12, 8), (3, 5), (14, 14), (4, 13), (32, 4), (8, 13), (33, 12), (24, 9), (1, 7), (10, 10), (1, 16), (16, 14), (34, 4), (31, 14), (12, 10), (3, 7), (14, 16), (3, 16), (32, 6), (8, 6), (33, 14), (24, 11), (1, 9), (10, 12), (29, 1), (16, 16), (6, 8), (34, 6), (31, 16), (20, 16), (23, 12), (12, 12), (4, 8), (27, 3), (27, 12), (30, 8), (8, 8), (33, 16), (1, 11), (10, 14), (6, 10), (20, 9), (12, 14), (14, 11), (4, 10), (27, 5), (32, 1), (30, 1), (27, 14), (17, 13), (30, 10), (8, 10), (11, 6), (10, 16), (1, 13), (25, 14), (6, 12), (20, 11), (23, 16), (12, 16), (4, 12), (27, 7), (30, 3), (27, 16), (30, 12), (8, 12), (19, 12), (11, 8), (25, 16), (15, 8), (6, 5), (31, 4), (29, 16), (6, 14), (21, 12), (23, 9), (4, 5), (4, 14), (34, 15), (27, 9), (17, 8), (30, 5), (33, 4), (30, 14), (8, 14), (10, 11), (11, 10), (25, 9), (32, 8), (2, 7), (2, 16), (15, 10), (31, 6), (7, 6), (6, 16), (12, 11), (4, 7), (34, 8), (27, 2), (28, 1), (4, 16), (27, 11), (17, 10), (9, 6), (30, 16), (19, 16), (8, 16), (10, 13), (32, 10), (15, 12), (6, 9), (7, 8)}",186,N/A,N/A
199,"(2, 5)","(3, 5)",West,"[(1, 5)]","[(33, 16), (29, 10), (29, 6), (31, 4), (26, 2), (19, 11), (19, 12), (3, 10), (13, 12), (13, 12)]","[(33, 16), (29, 10), (29, 6), (31, 4), (26, 2), (19, 11), (19, 12), (3, 10), (13, 12), (13, 12), (1, 5)]","{(34, 1), (21, 16), (4, 9), (34, 10), (27, 4), (27, 13), (17, 12), (30, 9), (8, 9), (10, 6), (32, 12), (13, 8), (1, 15), (26, 14), (6, 11), (15, 14), (21, 9), (34, 3), (34, 12), (27, 6), (17, 14), (8, 11), (19, 11), (11, 7), (11, 16), (32, 14), (1, 8), (26, 16), (15, 16), (6, 13), (18, 12), (34, 14), (22, 12), (27, 8), (14, 8), (5, 5), (30, 4), (28, 16), (30, 13), (17, 16), (5, 14), (33, 6), (32, 16), (24, 12), (26, 9), (25, 11), (1, 10), (16, 8), (6, 6), (31, 8), (34, 7), (27, 1), (34, 16), (12, 13), (14, 10), (17, 9), (30, 6), (5, 16), (9, 14), (33, 8), (1, 12), (26, 11), (13, 14), (16, 10), (31, 1), (18, 16), (7, 16), (31, 10), (20, 10), (22, 16), (14, 12), (4, 11), (33, 1), (9, 16), (33, 10), (24, 16), (13, 16), (25, 15), (1, 14), (16, 12), (31, 3), (34, 2), (31, 12), (34, 11), (22, 9), (20, 12), (12, 8), (3, 5), (14, 14), (4, 13), (32, 4), (8, 13), (33, 12), (24, 9), (1, 7), (10, 10), (1, 16), (16, 14), (34, 4), (31, 14), (12, 10), (3, 7), (14, 16), (3, 16), (32, 6), (8, 6), (33, 14), (24, 11), (1, 9), (10, 12), (29, 1), (16, 16), (6, 8), (34, 6), (31, 16), (20, 16), (23, 12), (12, 12), (4, 8), (27, 3), (27, 12), (30, 8), (8, 8), (33, 16), (1, 11), (10, 14), (6, 10), (20, 9), (12, 14), (14, 11), (4, 10), (27, 5), (32, 1), (30, 1), (27, 14), (17, 13), (30, 10), (8, 10), (11, 6), (10, 16), (1, 13), (25, 14), (6, 12), (20, 11), (23, 16), (12, 16), (4, 12), (27, 7), (30, 3), (27, 16), (30, 12), (8, 12), (19, 12), (11, 8), (2, 5), (25, 16), (15, 8), (6, 5), (31, 4), (29, 16), (6, 14), (21, 12), (23, 9), (4, 5), (4, 14), (34, 15), (27, 9), (17, 8), (30, 5), (33, 4), (30, 14), (8, 14), (10, 11), (11, 10), (25, 9), (32, 8), (2, 7), (2, 16), (15, 10), (31, 6), (7, 6), (6, 16), (12, 11), (4, 7), (34, 8), (27, 2), (28, 1), (4, 16), (27, 11), (17, 10), (9, 6), (30, 16), (19, 16), (8, 16), (10, 13), (32, 10), (15, 12), (6, 9), (7, 8)}",187,N/A,N/A
200,"(1, 5)","(2, 5)",West,"[(1, 4)]","[(33, 16), (29, 10), (29, 6), (31, 4), (26, 2), (19, 11), (19, 12), (3, 10), (13, 12), (13, 12)]","[(33, 16), (29, 10), (29, 6), (31, 4), (26, 2), (19, 11), (19, 12), (3, 10), (13, 12), (13, 12), (1, 4)]","{(34, 1), (21, 16), (4, 9), (34, 10), (27, 4), (27, 13), (17, 12), (30, 9), (8, 9), (10, 6), (32, 12), (13, 8), (1, 15), (26, 14), (6, 11), (15, 14), (21, 9), (34, 3), (34, 12), (27, 6), (17, 14), (8, 11), (19, 11), (11, 7), (11, 16), (32, 14), (1, 8), (26, 16), (15, 16), (6, 13), (18, 12), (34, 14), (22, 12), (27, 8), (14, 8), (5, 5), (30, 4), (28, 16), (30, 13), (17, 16), (5, 14), (33, 6), (32, 16), (24, 12), (26, 9), (25, 11), (1, 10), (16, 8), (6, 6), (31, 8), (34, 7), (27, 1), (34, 16), (12, 13), (14, 10), (17, 9), (30, 6), (5, 16), (9, 14), (33, 8), (1, 12), (26, 11), (13, 14), (16, 10), (31, 1), (18, 16), (7, 16), (31, 10), (20, 10), (22, 16), (14, 12), (4, 11), (33, 1), (9, 16), (33, 10), (1, 5), (24, 16), (13, 16), (25, 15), (1, 14), (16, 12), (31, 3), (34, 2), (31, 12), (34, 11), (22, 9), (20, 12), (12, 8), (3, 5), (14, 14), (4, 13), (32, 4), (8, 13), (33, 12), (24, 9), (1, 7), (10, 10), (1, 16), (16, 14), (34, 4), (31, 14), (12, 10), (3, 7), (14, 16), (3, 16), (32, 6), (8, 6), (33, 14), (24, 11), (1, 9), (10, 12), (29, 1), (16, 16), (6, 8), (34, 6), (31, 16), (20, 16), (23, 12), (12, 12), (4, 8), (27, 3), (27, 12), (30, 8), (8, 8), (33, 16), (1, 11), (10, 14), (6, 10), (20, 9), (12, 14), (14, 11), (4, 10), (27, 5), (32, 1), (30, 1), (27, 14), (17, 13), (30, 10), (8, 10), (11, 6), (10, 16), (1, 13), (25, 14), (6, 12), (20, 11), (23, 16), (12, 16), (4, 12), (27, 7), (30, 3), (27, 16), (30, 12), (8, 12), (19, 12), (11, 8), (2, 5), (25, 16), (15, 8), (6, 5), (31, 4), (29, 16), (6, 14), (21, 12), (23, 9), (4, 5), (4, 14), (34, 15), (27, 9), (17, 8), (30, 5), (33, 4), (30, 14), (8, 14), (10, 11), (11, 10), (25, 9), (32, 8), (2, 7), (2, 16), (15, 10), (31, 6), (7, 6), (6, 16), (12, 11), (4, 7), (34, 8), (27, 2), (28, 1), (4, 16), (27, 11), (17, 10), (9, 6), (30, 16), (19, 16), (8, 16), (10, 13), (32, 10), (15, 12), (6, 9), (7, 8)}",188,N/A,N/A
201,"(1, 4)","(1, 5)",South,"[(1, 3)]","[(33, 16), (29, 10), (29, 6), (31, 4), (26, 2), (19, 11), (19, 12), (3, 10), (13, 12), (13, 12)]","[(33, 16), (29, 10), (29, 6), (31, 4), (26, 2), (19, 11), (19, 12), (3, 10), (13, 12), (13, 12), (1, 3)]",<201 states>,189,N/A,N/A
202,"(1, 3)","(1, 4)",South,"[(2, 3)]","[(33, 16), (29, 10), (29, 6), (31, 4), (26, 2), (19, 11), (19, 12), (3, 10), (13, 12), (13, 12)]","[(33, 16), (29, 10), (29, 6), (31, 4), (26, 2), (19, 11), (19, 12), (3, 10), (13, 12), (13, 12), (2, 3)]",<202 states>,190,N/A,N/A
203,"(2, 3)","(1, 3)",East,"[(3, 3)]","[(33, 16), (29, 10), (29, 6), (31, 4), (26, 2), (19, 11), (19, 12), (3, 10), (13, 12), (13, 12)]","[(33, 16), (29, 10), (29, 6), (31, 4), (26, 2), (19, 11), (19, 12), (3, 10), (13, 12), (13, 12), (3, 3)]",<203 states>,191,N/A,N/A
204,"(3, 3)","(2, 3)",East,"[(4, 3)]","[(33, 16), (29, 10), (29, 6), (31, 4), (26, 2), (19, 11), (19, 12), (3, 10), (13, 12), (13, 12)]","[(33, 16), (29, 10), (29, 6), (31, 4), (26, 2), (19, 11), (19, 12), (3, 10), (13, 12), (13, 12), (4, 3)]",<204 states>,192,N/A,N/A
205,"(4, 3)","(3, 3)",East,"[(5, 3)]","[(33, 16), (29, 10), (29, 6), (31, 4), (26, 2), (19, 11), (19, 12), (3, 10), (13, 12), (13, 12)]","[(33, 16), (29, 10), (29, 6), (31, 4), (26, 2), (19, 11), (19, 12), (3, 10), (13, 12), (13, 12), (5, 3)]",<205 states>,193,N/A,N/A
206,"(5, 3)","(4, 3)",East,"[(6, 3)]","[(33, 16), (29, 10), (29, 6), (31, 4), (26, 2), (19, 11), (19, 12), (3, 10), (13, 12), (13, 12)]","[(33, 16), (29, 10), (29, 6), (31, 4), (26, 2), (19, 11), (19, 12), (3, 10), (13, 12), (13, 12), (6, 3)]",<206 states>,194,N/A,N/A
207,"(6, 3)","(5, 3)",East,"[(7, 3)]","[(33, 16), (29, 10), (29, 6), (31, 4), (26, 2), (19, 11), (19, 12), (3, 10), (13, 12), (13, 12)]","[(33, 16), (29, 10), (29, 6), (31, 4), (26, 2), (19, 11), (19, 12), (3, 10), (13, 12), (13, 12), (7, 3)]",<207 states>,195,N/A,N/A
208,"(7, 3)","(6, 3)",East,"[(8, 3)]","[(33, 16), (29, 10), (29, 6), (31, 4), (26, 2), (19, 11), (19, 12), (3, 10), (13, 12), (13, 12)]","[(33, 16), (29, 10), (29, 6), (31, 4), (26, 2), (19, 11), (19, 12), (3, 10), (13, 12), (13, 12), (8, 3)]",<208 states>,196,N/A,N/A
209,"(8, 3)","(7, 3)",East,"[(8, 4)]","[(33, 16), (29, 10), (29, 6), (31, 4), (26, 2), (19, 11), (19, 12), (3, 10), (13, 12), (13, 12)]","[(33, 16), (29, 10), (29, 6), (31, 4), (26, 2), (19, 11), (19, 12), (3, 10), (13, 12), (13, 12), (8, 4)]",<209 states>,197,N/A,N/A
210,"(8, 4)","(8, 3)",North,"[(9, 4)]","[(33, 16), (29, 10), (29, 6), (31, 4), (26, 2), (19, 11), (19, 12), (3, 10), (13, 12), (13, 12)]","[(33, 16), (29, 10), (29, 6), (31, 4), (26, 2), (19, 11), (19, 12), (3, 10), (13, 12), (13, 12), (9, 4)]",<210 states>,198,N/A,N/A
211,"(9, 4)","(8, 4)",East,"[(10, 4)]","[(33, 16), (29, 10), (29, 6), (31, 4), (26, 2), (19, 11), (19, 12), (3, 10), (13, 12), (13, 12)]","[(33, 16), (29, 10), (29, 6), (31, 4), (26, 2), (19, 11), (19, 12), (3, 10), (13, 12), (13, 12), (10, 4)]",<211 states>,199,N/A,N/A
212,"(10, 4)","(9, 4)",East,"[(11, 4)]","[(33, 16), (29, 10), (29, 6), (31, 4), (26, 2), (19, 11), (19, 12), (3, 10), (13, 12), (13, 12)]","[(33, 16), (29, 10), (29, 6), (31, 4), (26, 2), (19, 11), (19, 12), (3, 10), (13, 12), (13, 12), (11, 4)]",<212 states>,200,N/A,N/A
213,"(11, 4)","(10, 4)",East,"[(12, 4)]","[(33, 16), (29, 10), (29, 6), (31, 4), (26, 2), (19, 11), (19, 12), (3, 10), (13, 12), (13, 12)]","[(33, 16), (29, 10), (29, 6), (31, 4), (26, 2), (19, 11), (19, 12), (3, 10), (13, 12), (13, 12), (12, 4)]",<213 states>,201,N/A,N/A
214,"(12, 4)","(11, 4)",East,"[(13, 4)]","[(33, 16), (29, 10), (29, 6), (31, 4), (26, 2), (19, 11), (19, 12), (3, 10), (13, 12), (13, 12)]","[(33, 16), (29, 10), (29, 6), (31, 4), (26, 2), (19, 11), (19, 12), (3, 10), (13, 12), (13, 12), (13, 4)]",<214 states>,202,N/A,N/A
215,"(13, 4)","(12, 4)",East,"[(13, 5)]","[(33, 16), (29, 10), (29, 6), (31, 4), (26, 2), (19, 11), (19, 12), (3, 10), (13, 12), (13, 12)]","[(33, 16), (29, 10), (29, 6), (31, 4), (26, 2), (19, 11), (19, 12), (3, 10), (13, 12), (13, 12), (13, 5)]",<215 states>,203,N/A,N/A
216,"(13, 5)","(13, 4)",North,"[(13, 6)]","[(33, 16), (29, 10), (29, 6), (31, 4), (26, 2), (19, 11), (19, 12), (3, 10), (13, 12), (13, 12)]","[(33, 16), (29, 10), (29, 6), (31, 4), (26, 2), (19, 11), (19, 12), (3, 10), (13, 12), (13, 12), (13, 6)]",<216 states>,204,N/A,N/A
217,"(13, 6)","(13, 5)",North,"[(14, 6)]","[(33, 16), (29, 10), (29, 6), (31, 4), (26, 2), (19, 11), (19, 12), (3, 10), (13, 12), (13, 12)]","[(33, 16), (29, 10), (29, 6), (31, 4), (26, 2), (19, 11), (19, 12), (3, 10), (13, 12), (13, 12), (14, 6)]",<217 states>,205,N/A,N/A
218,"(14, 6)","(13, 6)",East,"[(15, 6)]","[(33, 16), (29, 10), (29, 6), (31, 4), (26, 2), (19, 11), (19, 12), (3, 10), (13, 12), (13, 12)]","[(33, 16), (29, 10), (29, 6), (31, 4), (26, 2), (19, 11), (19, 12), (3, 10), (13, 12), (13, 12), (15, 6)]",<218 states>,206,N/A,N/A
219,"(15, 6)","(14, 6)",East,"[(16, 6)]","[(33, 16), (29, 10), (29, 6), (31, 4), (26, 2), (19, 11), (19, 12), (3, 10), (13, 12), (13, 12)]","[(33, 16), (29, 10), (29, 6), (31, 4), (26, 2), (19, 11), (19, 12), (3, 10), (13, 12), (13, 12), (16, 6)]",<219 states>,207,N/A,N/A
220,"(16, 6)","(15, 6)",East,"[(17, 6)]","[(33, 16), (29, 10), (29, 6), (31, 4), (26, 2), (19, 11), (19, 12), (3, 10), (13, 12), (13, 12)]","[(33, 16), (29, 10), (29, 6), (31, 4), (26, 2), (19, 11), (19, 12), (3, 10), (13, 12), (13, 12), (17, 6)]",<220 states>,208,N/A,N/A
221,"(17, 6)","(16, 6)",East,"[(18, 6)]","[(33, 16), (29, 10), (29, 6), (31, 4), (26, 2), (19, 11), (19, 12), (3, 10), (13, 12), (13, 12)]","[(33, 16), (29, 10), (29, 6), (31, 4), (26, 2), (19, 11), (19, 12), (3, 10), (13, 12), (13, 12), (18, 6)]",<221 states>,209,N/A,N/A
222,"(18, 6)","(17, 6)",East,"[(19, 6)]","[(33, 16), (29, 10), (29, 6), (31, 4), (26, 2), (19, 11), (19, 12), (3, 10), (13, 12), (13, 12)]","[(33, 16), (29, 10), (29, 6), (31, 4), (26, 2), (19, 11), (19, 12), (3, 10), (13, 12), (13, 12), (19, 6)]",<222 states>,210,N/A,N/A
223,"(19, 6)","(18, 6)",East,"[(19, 5), (19, 7)]","[(33, 16), (29, 10), (29, 6), (31, 4), (26, 2), (19, 11), (19, 12), (3, 10), (13, 12), (13, 12)]","[(33, 16), (29, 10), (29, 6), (31, 4), (26, 2), (19, 11), (19, 12), (3, 10), (13, 12), (13, 12), (19, 5), (19, 7)]",<223 states>,211,N/A,N/A
224,"(19, 7)","(19, 6)",North,"[(20, 7)]","[(33, 16), (29, 10), (29, 6), (31, 4), (26, 2), (19, 11), (19, 12), (3, 10), (13, 12), (13, 12), (19, 5)]","[(33, 16), (29, 10), (29, 6), (31, 4), (26, 2), (19, 11), (19, 12), (3, 10), (13, 12), (13, 12), (19, 5), (20, 7)]",<224 states>,212,N/A,N/A
225,"(20, 7)","(19, 7)",East,"[(21, 7)]","[(33, 16), (29, 10), (29, 6), (31, 4), (26, 2), (19, 11), (19, 12), (3, 10), (13, 12), (13, 12), (19, 5)]","[(33, 16), (29, 10), (29, 6), (31, 4), (26, 2), (19, 11), (19, 12), (3, 10), (13, 12), (13, 12), (19, 5), (21, 7)]",<225 states>,213,N/A,N/A
226,"(21, 7)","(20, 7)",East,"[(22, 7)]","[(33, 16), (29, 10), (29, 6), (31, 4), (26, 2), (19, 11), (19, 12), (3, 10), (13, 12), (13, 12), (19, 5)]","[(33, 16), (29, 10), (29, 6), (31, 4), (26, 2), (19, 11), (19, 12), (3, 10), (13, 12), (13, 12), (19, 5), (22, 7)]",<226 states>,214,N/A,N/A
227,"(22, 7)","(21, 7)",East,"[(23, 7)]","[(33, 16), (29, 10), (29, 6), (31, 4), (26, 2), (19, 11), (19, 12), (3, 10), (13, 12), (13, 12), (19, 5)]","[(33, 16), (29, 10), (29, 6), (31, 4), (26, 2), (19, 11), (19, 12), (3, 10), (13, 12), (13, 12), (19, 5), (23, 7)]",<227 states>,215,N/A,N/A
228,"(23, 7)","(22, 7)",East,"[(24, 7)]","[(33, 16), (29, 10), (29, 6), (31, 4), (26, 2), (19, 11), (19, 12), (3, 10), (13, 12), (13, 12), (19, 5)]","[(33, 16), (29, 10), (29, 6), (31, 4), (26, 2), (19, 11), (19, 12), (3, 10), (13, 12), (13, 12), (19, 5), (24, 7)]",<228 states>,216,N/A,N/A
229,"(24, 7)","(23, 7)",East,"[(24, 6)]","[(33, 16), (29, 10), (29, 6), (31, 4), (26, 2), (19, 11), (19, 12), (3, 10), (13, 12), (13, 12), (19, 5)]","[(33, 16), (29, 10), (29, 6), (31, 4), (26, 2), (19, 11), (19, 12), (3, 10), (13, 12), (13, 12), (19, 5), (24, 6)]",<229 states>,217,N/A,N/A
230,"(24, 6)","(24, 7)",South,"[(24, 5)]","[(33, 16), (29, 10), (29, 6), (31, 4), (26, 2), (19, 11), (19, 12), (3, 10), (13, 12), (13, 12), (19, 5)]","[(33, 16), (29, 10), (29, 6), (31, 4), (26, 2), (19, 11), (19, 12), (3, 10), (13, 12), (13, 12), (19, 5), (24, 5)]",<230 states>,218,N/A,N/A
231,"(24, 5)","(24, 6)",South,"[(23, 5)]","[(33, 16), (29, 10), (29, 6), (31, 4), (26, 2), (19, 11), (19, 12), (3, 10), (13, 12), (13, 12), (19, 5)]","[(33, 16), (29, 10), (29, 6), (31, 4), (26, 2), (19, 11), (19, 12), (3, 10), (13, 12), (13, 12), (19, 5), (23, 5)]",<231 states>,219,N/A,N/A
232,"(23, 5)","(24, 5)",West,"[(22, 5)]","[(33, 16), (29, 10), (29, 6), (31, 4), (26, 2), (19, 11), (19, 12), (3, 10), (13, 12), (13, 12), (19, 5)]","[(33, 16), (29, 10), (29, 6), (31, 4), (26, 2), (19, 11), (19, 12), (3, 10), (13, 12), (13, 12), (19, 5), (22, 5)]",<232 states>,220,N/A,N/A
233,"(22, 5)","(23, 5)",West,"[(21, 5)]","[(33, 16), (29, 10), (29, 6), (31, 4), (26, 2), (19, 11), (19, 12), (3, 10), (13, 12), (13, 12), (19, 5)]","[(33, 16), (29, 10), (29, 6), (31, 4), (26, 2), (19, 11), (19, 12), (3, 10), (13, 12), (13, 12), (19, 5), (21, 5)]",<233 states>,221,N/A,N/A
234,"(21, 5)","(22, 5)",West,"[(21, 4)]","[(33, 16), (29, 10), (29, 6), (31, 4), (26, 2), (19, 11), (19, 12), (3, 10), (13, 12), (13, 12), (19, 5)]","[(33, 16), (29, 10), (29, 6), (31, 4), (26, 2), (19, 11), (19, 12), (3, 10), (13, 12), (13, 12), (19, 5), (21, 4)]",<234 states>,222,N/A,N/A
235,"(21, 4)","(21, 5)",South,"[(20, 4)]","[(33, 16), (29, 10), (29, 6), (31, 4), (26, 2), (19, 11), (19, 12), (3, 10), (13, 12), (13, 12), (19, 5)]","[(33, 16), (29, 10), (29, 6), (31, 4), (26, 2), (19, 11), (19, 12), (3, 10), (13, 12), (13, 12), (19, 5), (20, 4)]",<235 states>,223,N/A,N/A
236,"(20, 4)","(21, 4)",West,"[(19, 4)]","[(33, 16), (29, 10), (29, 6), (31, 4), (26, 2), (19, 11), (19, 12), (3, 10), (13, 12), (13, 12), (19, 5)]","[(33, 16), (29, 10), (29, 6), (31, 4), (26, 2), (19, 11), (19, 12), (3, 10), (13, 12), (13, 12), (19, 5), (19, 4)]",<236 states>,224,N/A,N/A
237,"(19, 4)","(20, 4)",West,"[(18, 4), (19, 5)]","[(33, 16), (29, 10), (29, 6), (31, 4), (26, 2), (19, 11), (19, 12), (3, 10), (13, 12), (13, 12), (19, 5)]","[(33, 16), (29, 10), (29, 6), (31, 4), (26, 2), (19, 11), (19, 12), (3, 10), (13, 12), (13, 12), (19, 5), (18, 4), (19, 5)]",<237 states>,225,N/A,N/A
238,"(19, 5)","(19, 6)",South,[],"[(33, 16), (29, 10), (29, 6), (31, 4), (26, 2), (19, 11), (19, 12), (3, 10), (13, 12), (13, 12), (19, 5), (18, 4)]","[(33, 16), (29, 10), (29, 6), (31, 4), (26, 2), (19, 11), (19, 12), (3, 10), (13, 12), (13, 12), (19, 5), (18, 4)]",<238 states>,226,N/A,N/A
239,"(18, 4)","(19, 4)",West,"[(17, 4)]","[(33, 16), (29, 10), (29, 6), (31, 4), (26, 2), (19, 11), (19, 12), (3, 10), (13, 12), (13, 12), (19, 5)]","[(33, 16), (29, 10), (29, 6), (31, 4), (26, 2), (19, 11), (19, 12), (3, 10), (13, 12), (13, 12), (19, 5), (17, 4)]",<239 states>,226,N/A,N/A
240,"(17, 4)","(18, 4)",West,"[(16, 4)]","[(33, 16), (29, 10), (29, 6), (31, 4), (26, 2), (19, 11), (19, 12), (3, 10), (13, 12), (13, 12), (19, 5)]","[(33, 16), (29, 10), (29, 6), (31, 4), (26, 2), (19, 11), (19, 12), (3, 10), (13, 12), (13, 12), (19, 5), (16, 4)]",<240 states>,227,N/A,N/A
241,"(16, 4)","(17, 4)",West,"[(15, 4)]","[(33, 16), (29, 10), (29, 6), (31, 4), (26, 2), (19, 11), (19, 12), (3, 10), (13, 12), (13, 12), (19, 5)]","[(33, 16), (29, 10), (29, 6), (31, 4), (26, 2), (19, 11), (19, 12), (3, 10), (13, 12), (13, 12), (19, 5), (15, 4)]",<241 states>,228,N/A,N/A
242,"(15, 4)","(16, 4)",West,"[(15, 3)]","[(33, 16), (29, 10), (29, 6), (31, 4), (26, 2), (19, 11), (19, 12), (3, 10), (13, 12), (13, 12), (19, 5)]","[(33, 16), (29, 10), (29, 6), (31, 4), (26, 2), (19, 11), (19, 12), (3, 10), (13, 12), (13, 12), (19, 5), (15, 3)]",<242 states>,229,N/A,N/A
243,"(15, 3)","(15, 4)",South,"[(15, 2)]","[(33, 16), (29, 10), (29, 6), (31, 4), (26, 2), (19, 11), (19, 12), (3, 10), (13, 12), (13, 12), (19, 5)]","[(33, 16), (29, 10), (29, 6), (31, 4), (26, 2), (19, 11), (19, 12), (3, 10), (13, 12), (13, 12), (19, 5), (15, 2)]",<243 states>,230,N/A,N/A
244,"(15, 2)","(15, 3)",South,"[(14, 2), (16, 2)]","[(33, 16), (29, 10), (29, 6), (31, 4), (26, 2), (19, 11), (19, 12), (3, 10), (13, 12), (13, 12), (19, 5)]","[(33, 16), (29, 10), (29, 6), (31, 4), (26, 2), (19, 11), (19, 12), (3, 10), (13, 12), (13, 12), (19, 5), (14, 2), (16, 2)]",<244 states>,231,N/A,N/A
245,"(16, 2)","(15, 2)",East,"[(17, 2)]","[(33, 16), (29, 10), (29, 6), (31, 4), (26, 2), (19, 11), (19, 12), (3, 10), (13, 12), (13, 12), (19, 5), (14, 2)]","[(33, 16), (29, 10), (29, 6), (31, 4), (26, 2), (19, 11), (19, 12), (3, 10), (13, 12), (13, 12), (19, 5), (14, 2), (17, 2)]",<245 states>,232,N/A,N/A
246,"(17, 2)","(16, 2)",East,"[(18, 2)]","[(33, 16), (29, 10), (29, 6), (31, 4), (26, 2), (19, 11), (19, 12), (3, 10), (13, 12), (13, 12), (19, 5), (14, 2)]","[(33, 16), (29, 10), (29, 6), (31, 4), (26, 2), (19, 11), (19, 12), (3, 10), (13, 12), (13, 12), (19, 5), (14, 2), (18, 2)]",<246 states>,233,N/A,N/A
247,"(18, 2)","(17, 2)",East,"[(19, 2)]","[(33, 16), (29, 10), (29, 6), (31, 4), (26, 2), (19, 11), (19, 12), (3, 10), (13, 12), (13, 12), (19, 5), (14, 2)]","[(33, 16), (29, 10), (29, 6), (31, 4), (26, 2), (19, 11), (19, 12), (3, 10), (13, 12), (13, 12), (19, 5), (14, 2), (19, 2)]",<247 states>,234,N/A,N/A
248,"(19, 2)","(18, 2)",East,"[(20, 2)]","[(33, 16), (29, 10), (29, 6), (31, 4), (26, 2), (19, 11), (19, 12), (3, 10), (13, 12), (13, 12), (19, 5), (14, 2)]","[(33, 16), (29, 10), (29, 6), (31, 4), (26, 2), (19, 11), (19, 12), (3, 10), (13, 12), (13, 12), (19, 5), (14, 2), (20, 2)]",<248 states>,235,N/A,N/A
249,"(20, 2)","(19, 2)",East,"[(21, 2)]","[(33, 16), (29, 10), (29, 6), (31, 4), (26, 2), (19, 11), (19, 12), (3, 10), (13, 12), (13, 12), (19, 5), (14, 2)]","[(33, 16), (29, 10), (29, 6), (31, 4), (26, 2), (19, 11), (19, 12), (3, 10), (13, 12), (13, 12), (19, 5), (14, 2), (21, 2)]",<249 states>,236,N/A,N/A
250,"(21, 2)","(20, 2)",East,"[(22, 2)]","[(33, 16), (29, 10), (29, 6), (31, 4), (26, 2), (19, 11), (19, 12), (3, 10), (13, 12), (13, 12), (19, 5), (14, 2)]","[(33, 16), (29, 10), (29, 6), (31, 4), (26, 2), (19, 11), (19, 12), (3, 10), (13, 12), (13, 12), (19, 5), (14, 2), (22, 2)]",<250 states>,237,N/A,N/A
251,"(22, 2)","(21, 2)",East,"[(23, 2)]","[(33, 16), (29, 10), (29, 6), (31, 4), (26, 2), (19, 11), (19, 12), (3, 10), (13, 12), (13, 12), (19, 5), (14, 2)]","[(33, 16), (29, 10), (29, 6), (31, 4), (26, 2), (19, 11), (19, 12), (3, 10), (13, 12), (13, 12), (19, 5), (14, 2), (23, 2)]",<251 states>,238,N/A,N/A
252,"(23, 2)","(22, 2)",East,"[(24, 2)]","[(33, 16), (29, 10), (29, 6), (31, 4), (26, 2), (19, 11), (19, 12), (3, 10), (13, 12), (13, 12), (19, 5), (14, 2)]","[(33, 16), (29, 10), (29, 6), (31, 4), (26, 2), (19, 11), (19, 12), (3, 10), (13, 12), (13, 12), (19, 5), (14, 2), (24, 2)]",<252 states>,239,N/A,N/A
253,"(24, 2)","(23, 2)",East,"[(25, 2)]","[(33, 16), (29, 10), (29, 6), (31, 4), (26, 2), (19, 11), (19, 12), (3, 10), (13, 12), (13, 12), (19, 5), (14, 2)]","[(33, 16), (29, 10), (29, 6), (31, 4), (26, 2), (19, 11), (19, 12), (3, 10), (13, 12), (13, 12), (19, 5), (14, 2), (25, 2)]",<253 states>,240,N/A,N/A
254,"(25, 2)","(24, 2)",East,"[(26, 2)]","[(33, 16), (29, 10), (29, 6), (31, 4), (26, 2), (19, 11), (19, 12), (3, 10), (13, 12), (13, 12), (19, 5), (14, 2)]","[(33, 16), (29, 10), (29, 6), (31, 4), (26, 2), (19, 11), (19, 12), (3, 10), (13, 12), (13, 12), (19, 5), (14, 2), (26, 2)]",<254 states>,241,N/A,N/A
255,"(26, 2)","(27, 2)",West,[],"[(33, 16), (29, 10), (29, 6), (31, 4), (26, 2), (19, 11), (19, 12), (3, 10), (13, 12), (13, 12), (19, 5), (14, 2)]","[(33, 16), (29, 10), (29, 6), (31, 4), (26, 2), (19, 11), (19, 12), (3, 10), (13, 12), (13, 12), (19, 5), (14, 2)]",<255 states>,242,N/A,N/A
256,"(14, 2)","(15, 2)",West,"[(13, 2)]","[(33, 16), (29, 10), (29, 6), (31, 4), (26, 2), (19, 11), (19, 12), (3, 10), (13, 12), (13, 12), (19, 5)]","[(33, 16), (29, 10), (29, 6), (31, 4), (26, 2), (19, 11), (19, 12), (3, 10), (13, 12), (13, 12), (19, 5), (13, 2)]",<256 states>,232,N/A,N/A
257,"(13, 2)","(14, 2)",West,"[(12, 2)]","[(33, 16), (29, 10), (29, 6), (31, 4), (26, 2), (19, 11), (19, 12), (3, 10), (13, 12), (13, 12), (19, 5)]","[(33, 16), (29, 10), (29, 6), (31, 4), (26, 2), (19, 11), (19, 12), (3, 10), (13, 12), (13, 12), (19, 5), (12, 2)]",<257 states>,233,N/A,N/A
258,"(12, 2)","(13, 2)",West,"[(11, 2)]","[(33, 16), (29, 10), (29, 6), (31, 4), (26, 2), (19, 11), (19, 12), (3, 10), (13, 12), (13, 12), (19, 5)]","[(33, 16), (29, 10), (29, 6), (31, 4), (26, 2), (19, 11), (19, 12), (3, 10), (13, 12), (13, 12), (19, 5), (11, 2)]",<258 states>,234,N/A,N/A
259,"(11, 2)","(12, 2)",West,"[(10, 2)]","[(33, 16), (29, 10), (29, 6), (31, 4), (26, 2), (19, 11), (19, 12), (3, 10), (13, 12), (13, 12), (19, 5)]","[(33, 16), (29, 10), (29, 6), (31, 4), (26, 2), (19, 11), (19, 12), (3, 10), (13, 12), (13, 12), (19, 5), (10, 2)]",<259 states>,235,N/A,N/A
260,"(10, 2)","(11, 2)",West,"[(10, 1)]","[(33, 16), (29, 10), (29, 6), (31, 4), (26, 2), (19, 11), (19, 12), (3, 10), (13, 12), (13, 12), (19, 5)]","[(33, 16), (29, 10), (29, 6), (31, 4), (26, 2), (19, 11), (19, 12), (3, 10), (13, 12), (13, 12), (19, 5), (10, 1)]",<260 states>,236,N/A,N/A
261,"(10, 1)","(10, 2)",South,"[(9, 1)]","[(33, 16), (29, 10), (29, 6), (31, 4), (26, 2), (19, 11), (19, 12), (3, 10), (13, 12), (13, 12), (19, 5)]","[(33, 16), (29, 10), (29, 6), (31, 4), (26, 2), (19, 11), (19, 12), (3, 10), (13, 12), (13, 12), (19, 5), (9, 1)]",<261 states>,237,N/A,N/A
262,"(9, 1)","(10, 1)",West,"[(8, 1)]","[(33, 16), (29, 10), (29, 6), (31, 4), (26, 2), (19, 11), (19, 12), (3, 10), (13, 12), (13, 12), (19, 5)]","[(33, 16), (29, 10), (29, 6), (31, 4), (26, 2), (19, 11), (19, 12), (3, 10), (13, 12), (13, 12), (19, 5), (8, 1)]",<262 states>,238,N/A,N/A
263,"(8, 1)","(9, 1)",West,"[(7, 1)]","[(33, 16), (29, 10), (29, 6), (31, 4), (26, 2), (19, 11), (19, 12), (3, 10), (13, 12), (13, 12), (19, 5)]","[(33, 16), (29, 10), (29, 6), (31, 4), (26, 2), (19, 11), (19, 12), (3, 10), (13, 12), (13, 12), (19, 5), (7, 1)]",<263 states>,239,N/A,N/A
264,"(7, 1)","(8, 1)",West,"[(6, 1)]","[(33, 16), (29, 10), (29, 6), (31, 4), (26, 2), (19, 11), (19, 12), (3, 10), (13, 12), (13, 12), (19, 5)]","[(33, 16), (29, 10), (29, 6), (31, 4), (26, 2), (19, 11), (19, 12), (3, 10), (13, 12), (13, 12), (19, 5), (6, 1)]",<264 states>,240,N/A,N/A
265,"(6, 1)","(7, 1)",West,"[(5, 1)]","[(33, 16), (29, 10), (29, 6), (31, 4), (26, 2), (19, 11), (19, 12), (3, 10), (13, 12), (13, 12), (19, 5)]","[(33, 16), (29, 10), (29, 6), (31, 4), (26, 2), (19, 11), (19, 12), (3, 10), (13, 12), (13, 12), (19, 5), (5, 1)]",<265 states>,241,N/A,N/A
266,"(5, 1)","(6, 1)",West,"[(4, 1)]","[(33, 16), (29, 10), (29, 6), (31, 4), (26, 2), (19, 11), (19, 12), (3, 10), (13, 12), (13, 12), (19, 5)]","[(33, 16), (29, 10), (29, 6), (31, 4), (26, 2), (19, 11), (19, 12), (3, 10), (13, 12), (13, 12), (19, 5), (4, 1)]",<266 states>,242,N/A,N/A
267,"(4, 1)","(5, 1)",West,"[(3, 1)]","[(33, 16), (29, 10), (29, 6), (31, 4), (26, 2), (19, 11), (19, 12), (3, 10), (13, 12), (13, 12), (19, 5)]","[(33, 16), (29, 10), (29, 6), (31, 4), (26, 2), (19, 11), (19, 12), (3, 10), (13, 12), (13, 12), (19, 5), (3, 1)]",<267 states>,243,N/A,N/A
268,"(3, 1)","(4, 1)",West,"[(2, 1)]","[(33, 16), (29, 10), (29, 6), (31, 4), (26, 2), (19, 11), (19, 12), (3, 10), (13, 12), (13, 12), (19, 5)]","[(33, 16), (29, 10), (29, 6), (31, 4), (26, 2), (19, 11), (19, 12), (3, 10), (13, 12), (13, 12), (19, 5), (2, 1)]",<268 states>,244,N/A,N/A
269,"(2, 1)","(3, 1)",West,"[(1, 1)]","[(33, 16), (29, 10), (29, 6), (31, 4), (26, 2), (19, 11), (19, 12), (3, 10), (13, 12), (13, 12), (19, 5)]","[(33, 16), (29, 10), (29, 6), (31, 4), (26, 2), (19, 11), (19, 12), (3, 10), (13, 12), (13, 12), (19, 5), (1, 1)]",<269 states>,245,N/A,N/A
270,"(1, 1)","(2, 1)",West,[],"[(33, 16), (29, 10), (29, 6), (31, 4), (26, 2), (19, 11), (19, 12), (3, 10), (13, 12), (13, 12), (19, 5)]","[(33, 16), (29, 10), (29, 6), (31, 4), (26, 2), (19, 11), (19, 12), (3, 10), (13, 12), (13, 12), (19, 5)]",<270 states>,246,N/A,N/A
